id,title,content,author,date,mood,likes,is_liked,comments,created_at,liked_by
03cf5851-78f6-4ffc-b7aa-874f4c4b655e,Зашей мне рот ниточками молю,"Пишу текст , И параллельно решил зайти в пинтерест , Аватарки поискать. И не знаю , Вызвало опять чувство побега , Просто закрыл как стал видеть что не хочу. Любое пространство в интернете за пару минут позволяет мне понять что находится мне так некомфортно. Открывая тикток , Полураздетые девушки , Открываю пинтерест , Постоянно фоточки в шортиках с открытым торсом , И т.д. В целом парадоксально получается

Из-за повышенного тестостерона + Сублимацией агрессии - Я хочу этого куда больше чем обычный процент парней , Но дело в том , Что не хочу хотеть вообще. Зачем мне хотеть незнакомую мне диву , Думать о ней , Или постоянно фантазировать о знакомой. Какое это отношения имеет к сути моего существование , К моему развитию , К творчеству коему горю . Какой раз убеждаюсь что похоть только разрушает , От нее нет никакой пользы. 

Я ничего не имею против близости рядом с своей девочкой , Когда этот процесс приносит удовольствие обоим людям , Когда оба партнера заслужили то наслаждения что получат рядом с друг другом. Ну а трахаться как кролики по десять раз на день , И лежать после на диване попивая пиво симпсонов смотря - Для меня это мерзко , Я так не хочу , Паразитство такое. От мужчин противно , Секс есть удовольствия , И кроме как удовлетворяться ничего не хотят. Их не тянет к великому , Достижениям , Гордости , Лишь бы испытать вот это чувство мимолетного всплеска эмоций , Простонать ее имя , И через секунду понять что и не нужно тебе это было вовсе.

И мной движет это чувство , Вот и пишу о нем. Пишу о наболевшем , Кто о чем кричит , У того то и болит )) Рад что хватает чести не склонять тебя к чему-то , Но эти утренние или ночные порывы моей любви , Сопровождаются именно этим чувством , Близости и тепла. Прошлым утром написал целый манифест лишь бы только знала что меня заводит , А дня три назад по балке ходил так и пытаясь вывести на раскрепощенные темы. Разве это мое желание ? Конечно нет , Я против любого удовольствия которое я могу получить , Ведь оно должно быть заслуженно. Мы можем говорить о праве человека быть счастливым и без целенаправленных действий , Но хочешь ли ты парня , Что бегает за юбками в любой свободный момент и заводится от любого шороха ? Парня , Что из-за постоянного удовольствия и твоего милосердия , Ничего не делает , Оправдывая все тем как не повезло ? 

Вопрос ради вопроса. Сегодня десятое число , Это 400+ попытка бросить , Но отчаяние у меня нет. Лишь гордость , Что не сдаюсь и меняю ракурсы. Я верю , Что избавив свою жизнь от любого желания , Я обрету стабильность в своем состоянии , Перестану бегать из состояния в состояния , И продуктивность вырастет в раз сто. Я люблю тебя , И правда , Хочу становится идеальнее , Настолько насколько это возможно. Не знаю стоит ли вести отсчет новый , Ааххахахах , Но вот , Оповещаю , Без любой похоти.

Ты сказала мне , Помню , Что конечно , Бросать полностью такое глупо. Физиология все дела.. Но это подпитывает , Если не отказываешься полностью. Сначала так , Потом так , А потом оказываешься там от чего бежал. И будто ничего и не было. Противно мне так , Не хочу. Хочу во снах , Хочу с тобой , Но точно не на едине с самим с собой не в своей квартире ничего не имея , Знаю что за пару тысяч км есть котеночек которому я всем обязан. Так что скрещиваем пальчики и верим в мою реабилитацию. В качестве рычага стыда , Хочу поставить тебя )) Небольшой капкан для самого себя

Сознался в тебе - Оповестил. Сорвусь , Покажусь безвольным в твоих глазах - Страх потерять тебя , Твое доверие. Любое желание будет ассоциироваться с страхом потери тебя. Желания с временем станет не приятным способом , А страхом неприятие от тебя и потери , Так что буду ежедневно писать в конце дня в пару строках что и как. Без лжи и стыда , Нет так нет , Да так да , Раз беру ответственность и принимаю решение. 

Еслиии чтооо я нее такооойй серьезныйй а то слегка перечиталл оо божее брутаалитии я как в турецких фильмаах лоол !! Ну вот так Полинка , В первую очередь ты для меня милая девочка которая мне интересна и приятна , А не обьеккт какоойто для желанийй.. Знаеешь зайкаа я правда сужу по себе и поэтому говорю и делаю что мне бы лично слышать было приятно !! Вообщем , Моглооо показаться что где-то ты мне не нравишься , Я правдаа много думал об этом и пришел что с какой тт стороны кажется именно так бляяять молл охх полиночкаа нее кидаай мне ручкии ножкии внешностььь лоооооооооооооол

Но боже.. Кис я когда вижу тебя у меня дыхание перехватывает серьезно , Правда , Одни твои джинсы кроссовки пока ты мне снимаешь котиков , Не то что твоя миловидная внешность. И далее я думать не о чем другом уже не хочу , И просто не могу , Кровь не циркулирует и я залипаю. Я не знаю сколько я после видеосообещния твоего отходил , Правда , Или даже когда ты умничка пишешь , Или люблю тебя , Рефлекс срабатывает на нежность и это состояния. А яяя бляяять хочуу не счастливым сидеть и течь расплываться как девоочкаа а раааботтаать учиться чтобы ты гордилась мной тем чего я достигаю для тебя для нас что делаю блять а не наслаждаться твоей внешностью сидеть.

Вот будешь рядом зайка буду наслаждаться а так ну я рееально уебок какой то получается что так буду делатьь. Тааак что бляяять умоляю не думай что с тобой что то не так или еще что то если вдруг могло такое показаться. Я от тебя без ума , От носика твоего глаз щечек лобика зай со всего ты мне вся целиком с головы до ноожеек дико нравишься , Настолько что не могуу даже смотреть без эффектов таких потомм. Так что вот все я жестко планируууюю детоккссс ничего такого да буду нервничать будут наплывы апатии да и реально пусть главное не буду подаваться искушению и докажу себе что могу бляять что то вообще первым шагом. Если ты курить мне помогла бросить то и с этим вместе с тобой у меня все полуучиттсяя ты мой амулет рунаа !! Всеее отстань я спать люблюю тебяя",Grinch,10 июня 2026 г. в 06:45:46,🌿,1,false,"[{""id"":1781063139670,""date"":""06:45:39"",""text"":""Хорошо, Карим, давай, делаем😃"",""author"":""Cindy""},{""id"":1781063157938,""date"":""06:45:57"",""text"":""Да, у тебя все получится"",""author"":""Cindy""}]",2026-06-10 01:45:46.870302+00,"[""Cindy""]"
08721871-9c8a-4c39-8e5a-6084daa5080b,Боже упаси господи от ее мемов,"ЯЯ встал в 15, потому что кто то заставил лечь в 9
Я собрался, поел, и пробездельничал весь день. За то узнал что если будут хоронить то за плинтусом, и что если и ходить с словом божьим - То не к парню в очках.

 А еще ой ах ммм нуу ойй",Grinch,17 мая 2026 г.,🥧,1,false,"[{""id"":1779018751987,""date"":""14:52"",""text"":""Ой ммммм... Блин Ммм... Нуууу"",""author"":""Cindy""}]",2026-05-17 02:03:49.167463+00,"[""Cindy""]"
14f3fc1b-2e76-4895-b237-ff7d58abeac3,-Почему ты выбрал именно меня?,"-Когда на закрытой тусовке в Москве кто-то сказал: «Посмотрите, сколько тут звёзд» — ты была единственной, кто посмотрел на небо



Вчера легла в 11:20, час пролежала, уснуть не могла)) 

Чего то проснулась сегодня в 5, легла потом спать обратно, в 7 встала, тяжеловато было, но ладно.

(10:08)
С утра все раздражает, и даже яндекс музыка блять без впн не работает, пиздец просто, а мне опять все сервера отключили)) Пью воду с лимоном, щас включу песни если, буду учить французский, два часа есть.
Всё уже не раздражает, потом впн найду ыыыы.(Карим мне все нашёл 😛💅) 

(16:00)
Я еду домооой, сначала расстроилась, что у меня даже полуавтомата нет по крр, но в итоге это оказалось из за посещаемости. Я сказала ей, что болела и справка есть, вот, она мне поставила. Буду только теорию сдавать, без практики😛
Качу домой.

(1:48)
Все Карим ушёл спать, ну я щас тоже пойду. Я проходила тесты хахаха, я завтра буду проходить на тип личности, самый популярный который. Проходила уже несколько раз его давнооо, вот.
Пиши мне утроооом, мне нравитсяя


18.06.2026 3:50

30 день!!!! Одаа, юбилей?? Я очень горжусь тобой и ценююю. У тебя все получится, обязательно, с чем угодноо😛 л
Если не получится, будем вместе плакать. Все, я жду гитару, слушать буду. И друга своего не скинул, ну и мне не особо надо смотреть на него🤓 
Люблю тебя очень, спокойной ночи, доброе утроо",Cindy,18 июня 2026 г. в 02:03:53,❤️,0,false,"[{""id"":1781770017128,""date"":""13:06:57"",""text"":""Доброе утро.. И я тебя невероятно люблю.."",""author"":""Grinch""}]",2026-06-17 23:03:53.51873+00,[]
1642a18c-784d-4c28-b46b-a54d17fa05fd,Зеваю,"Ну встала я в 7 с чем то, без будильника уже, он стоял на 8.
Родители собирались, потом уехали

Ну я начала историю смотреть, начала засыпать, ну на кресле решила поспать. Вот это рассказала но короче, щас ещё дополню, я вспомнила. Я засыпала под музыку, мелодии да. Закрываю глаза, сначала все нормально я сама себе че то представляю, а когда уже начинаю погружаться в сон у меня в голове играет музыка(другая) и перед глазами появляется скарабей, вот так вот глазками на весь экран😕
Когда я резко открываю глаза, происходит обрыв музыки и снова так, ну да  было странно

И кстати насчёт фантазировать, мечтать я хуею, у меня реально не получается. Я вчера решила вот в 23-23:30 лечь только для этого, так как спать не хотела, а не получилось😭😭
Я начала думать что то, и у меня в голове то история(инфа какая то, что смотрела), то нет, а потом просто засыпаю, очень быстро. В этом вся проблема. Ну вообще не сказать , что это проблема)) но обидненько

Вот завтра днем поеду к врачу насчёт таблеток, потом готовить надо🙄
И опять история история и французский. Может щас что поучу из текстов, хотя бы половину, вооот.

Ты сегодня был немного забавный)) я не издеваюююсь, общался просто так, интересно)

Мне так гулять ещё хочется, вечером, в 9 вечера ещё так светло, классноооо

Так, ну я вообще надеюсь, что мне что то приснится сегодняяяяя

Всее, давай, спокойной ночи
Ну аааа доброе утро)",Cindy,13 июня 2026 г. в 02:07:32,🌿,2,false,"[{""id"":1781420851399,""date"":""12:07:31"",""text"":""Теперь ответил"",""author"":""Grinch""}]",2026-06-12 23:07:33.6488+00,"[""Cindy"",""Grinch""]"
18df3b7e-0c65-45d8-aed3-468bdc9c28d2,Не ну так так-то у нас пацаны тоже хорошие не ну а че,"Играю в мемы с создателем мемов блять

Журнальчик привет !! 5 39 - Умоюсь , Налью водички , Порежу лайма , Одену на ушники лицо обработаюю и сразу за учебууууу одаааааа я прямм вижу как смотрю на время а то как в эдитах типо 21523 523 543 64362 352 352  летит вот так и я в быстрой сьемке загадочный

Никакой саморефликсии тут не будет , Теперь только действия !! В конце дня отчитаюсь И НЕ ДАЙ БОГ ТАМ БУДЕТ 1-2 ДЕЛА СДЕЛАНО ХОРОШО ПОДУМАЙ НАСЧЕТ МОЕЙ КАНДИДАТУРЫ !!!!!!",Grinch,28 мая 2026 г.,🌿,1,false,"[{""id"":1779941183682,""date"":""07:06"",""text"":""Будет 1 дело сделано:поспал"",""author"":""Cindy""},{""id"":1780004737263,""date"":""02:45:37"",""text"":""ты оказалась права,как всегда"",""author"":""Grinch"",""replyTo"":{""id"":1779941183682,""text"":""Будет 1 дело сделано:поспал"",""author"":""Cindy""}},{""id"":1780004801789,""date"":""00:46:41"",""text"":""нет"",""author"":""Cindy"",""replyTo"":{""id"":1780004737263,""text"":""ты оказалась права,как всегда"",""author"":""Grinch""}}]",2026-05-28 00:42:24.562157+00,"[""Cindy""]"
194ad6ac-88d5-402c-ba1a-06e47784cc56,Постойте... Мы тоже умеем бегать,"Когда нибудь я начну писвть тут что нибудь интересное, наверное. Летом!!!

Я выучила 3 страницы, пересказала, перечитала, я зеваю, я спать. Сейчас 2:32 (по твоему)

Вот, ну
28.05.2026 2:39
9 день! Горжусь, ура, делвем дальше - больше. Все кайф, ценю тебя, даже когда пишу, что ты достааал",Cindy,28 мая 2026 г.,🧸,2,false,"[{""id"":1779927917967,""date"":""05:25"",""text"":""почему в 00 00 полечка.."",""author"":""Grinch""},{""id"":1779928117839,""date"":""05:28"",""text"":""спасибо большое !!"",""author"":""Grinch""},{""id"":1779928132607,""date"":""05:28"",""text"":""что зеваешь !"",""author"":""Grinch""},{""id"":1779928144903,""date"":""05:29"",""text"":""м за спать !"",""author"":""Grinch""},{""id"":1779928153103,""date"":""05:29"",""text"":""и за горжусь.."",""author"":""Grinch""},{""id"":1779928157527,""date"":""05:29"",""text"":""за все !!"",""author"":""Grinch""},{""id"":1779928980032,""date"":""05:43"",""text"":""ТЫ ПИШЕШЬ ИНТЕРЕСНО ЧОКНУТАЯЯЯЯЯЯЯЯЯЯЯЯЯЯЯЯЯЯЯЯЯЯЯЯЯЯЯЯЯЯЯЯЯЯЯЯЯЯЯЯ"",""author"":""Grinch""},{""id"":1779928991816,""date"":""05:43"",""text"":""ОЙ БЛЯТЬ КУДА ВЫШЛА БУКВА Я ЧТО ЗА БАГИ"",""author"":""Grinch""},{""id"":1779929049944,""date"":""05:44"",""text"":""АААХХАХАХАХАХ ХОЧЕШЬ ШУТКУ - У МОЕГО Я НЕТ ГРАНИЦ АХАХАХХА"",""author"":""Grinch""},{""id"":1779941116745,""date"":""07:05"",""text"":""Ты безграничный"",""author"":""Cindy""}]",2026-05-27 21:36:13.022023+00,"[""Grinch"",""Cindy""]"
22a70631-86a4-48f1-b1a4-037f43884e70,Я хотябы не....,"Доброе утро , лапонька !! Напишу одним сообщением чтобы не будить , а то может уведы стоят..

Проснулся из-за того что руки чешутся в прямом смысле , вот ведь незадача !!

Смотрю , а тут укусов 5-6 , ненасытный комар, какая-то дикая лажа 🙄

Спирта взял , хоть в чем-то он полезен для тела !!

Кстатиии раньшее я даже и руки мазать им не хотел , боялся деструктивного плена..

Думал что он в кожу впитывается , алкоголь в организм попадает и будет беда , Терпел , страдал и мучился тогда 😭

Вообщем наверноееее точнооо спать уже не лягуу блиин..

Умоюсь и если глазки болеть не будут сильно , то в медитацию мягко отрину ,

И сядуу за дело какое-то , созидать свою и твою картину ))

Давно так рано не вставал , если честно , ощущение очень приятное , экзистенциально крутое. И люблю тебя по утрам куда больше , это чувство живое , святое.. Так заботиться хочу о тебе пока ты спишь , оберегать твой покой и границы , И физически и ментально , перелистывая наших судеб страницы..

Подумал что лучше в журнальчик напишу , сохраню этот ментальный поток !! Все таки если стоят уведы , то и 1 сообщения разбудить может , нарушив сна твоего островок !!

В планах на сегодня вооооот чтооо , выводы тоже ночные , когда ложился , думал много о чем.. Рефлексирую перед сном последние 3 дня блин и забываю на утро , все утекает ручьем.

Я нашел интересный подход , личный базис , концепт для себя ,

И тебя , если понравится , если примешь его ты , любяяя

Я перестал видеть смысл любой деструктивной ревности и драмы..

Обьясню на 3 пунктах , без лишней цензуры и рекламы !!!

Адекватность и внутренний ценз. Есть рамки всего вон выходящего , четкий барьер. Короткие юбки , открытые ножки , декольте , я не считаю плохим , если это нормальные места , примерный интерьер.

Если это клубы и притоны , если это флирт с парнями , телесные прикосновения и ласки , То тут и обьяснять никому не надо , что это не нормально , это срывает маски.

Если это приходится обьяснять  - ну значит девочка просто этого хочет , ищет латентный мотив , И мне с такой не по пути , будет неспокойно , неприятно и сплошной негатив.

Есть базовые правила , которые доступны и не доступны , консенсус простой. Не нужно запрещать ничего человеку , ведь адекватный сам поймет базовые вещи и сохранит твой покой.

Скажешь о различие в этом промежутке ?? Корректировка вопросами , мягкий диалог. Допустим лично мне будет неприятно , если ты будешь общаться с парнем , даже другом , переступая порог.

Я любящий и чувственный человек , эмпатичный , который будет переживать и метаться. Поэтому тут нужно искать легкий компромисс вопросами , а не ругаться.

С парнями не дружат без общих компаний , ибо парни дружат за одним , такова их природа. Зачем тебе парни , когда у тебя есть интересный и приятный человек , лучшего рода ????

С которым ты можешь поговорить , разделить синергию и ментальный экстаз. Я не считаю себя скучным , и тебя не считаю пресной ни разу , ни сейчас , ни в прошлый раз.

Если я захочу получить женские эмоции , энергию , драйв ,

Я пообщаюсь с человеком , что у меня есть , с тобой поймаю этот кайффф

Мне для этого не нужен друг , не нужен суррогат со стороны.

У каждого человека свое мировозрение , свои триггеры и глубина тишины.. Кому-то что-то приятно , а кому-то совсем нет , у каждого свой ориентир. И если кого-то не устраивает правила другого , и он готов разрушить этот мир ,

И противовесом на весах он выставляет - этого человека vs Его правила и просьбы в споре , Дальше уже решает сам , заслуживает ли этот человек моих ограничений в общем наборе.

Лично для меня — я могу сделать абсолютно что угодно в плане твоих просьб , убрать любой дефект , Для меня тут нет границ , ведь в расчете тебя и какого-то дела , ты мой главный субъект !!

Ты мне намного важнее , твой комфорт для меня в приоритете всегда !!

Не значит что у тебя должно быть так , осуждать тебя я точно не буду , никогда и нигде , да-да - да !!

Вообщем закончу пункт на том — что адекватные люди , сами понимают что делать можно , а что бред. Какие-то подробные темы можно просто обсудить без истерик и ругани , не нанося друг другу вред ,

И если кому-то что-то сильно не нравится , делать вывод , включая ума трезвый свет.. Твой ли это человек , и стоит ли он твоих усилий , изменений и компромиссов в ответ.

Причинно следственная связь и рационализация. У любой измены , холода - есть причина , скрытый рычаг.

У любого страха - она тоже есть , как подсознательный внутренний враг.

Я стал спрашивать себя , почему я боюсь твоего ухода , откуда этот синдром. Пришел к ответу , что недостаточно хорош , что обесценивал себя , думая о плохом.

И вывод тут предельно прост , без лишней демагогии и драмы. Чтобы человек от тебя не уходил - тебе нужно быть лучшей версией себя , залечив все раны. Заполнить все важные аспекты жизни , эволюционировать каждый божий деньььь.  Сначала с выраженной эротманией и обссесией я правда не знал , что мне делать , впадая в тень , Без привычной химии мозга , как мне удержать человека , как я могу позволить расстаться с ним и страдать. А сейчас вот так.. Я готов осознанно этот процесс направлять и контролировать , а не просто гадать.

Боишься что она уйдет из-за нехватки денег ? Просто будь богаче всех тех , к кому она может уйти , обьективно.

Оценивая ее характер , внешность , внутренние качества , архитектонику личности перспективно ,

Какого мужчины бы она привлекла , и с каким финансовым диапозоном в судьбе. Боишься что уйдет из-за красоты — следи за собой , соответствуй ее красоте !!

Из-за характера и юмора - работай над собой , харизму свою развивай , Ведь когда-то она тебя за него и выбрала , этот ментальный фундамент не разрушай.

Если мужчина будет держать себя в тонусе , зачем женщине от него уходить к другому ? Если у меня будет шикарный дом , если я буду заботливым , нежным и смешным , верным слову родному ,

Не буду слишком податливым , сохраню внутренний стержень и мужества свет , Закрою физические и моральные аспекты , финансовые потребности на много лет..

Тебе будет со мной тепло , и ты будешь чувствовать себя в безопасности , в тишине - Зачем тебе уходить , зачем искать что-то на стороне ?

Есть только один аргумент - химия мозга , адаптация рецепторов и наши повадки. К всему привыкаешь , стираются грани , и будни становятся слишком гладки.

Даже к тому , о чем ты могла когда-то только мечтать , наступает плато.

Наступит момент , когда все что ты имеешь , покажется обычной вещью , как старое пальто !

Которое ожидало тебя и без меня , как само собой разумеющийся факт.

Ты захочешь чего-то нового , интересного , попробовать в жизни еще какой-то контракт. Тут я уже не роляю , это дело и работа только самого человека , его осознанный выбор. Можно уйти поддавшись импульсу , а можно обьективно оценить ситуацию , заглушив рецепторов выхлоп ,

И работать над собой , над своими рецепторами , сохраняя внутренний ценз. Не пьянеть от новизны , и честно сказать себе , имея экзистенциальный вес - Стоит ли это того , стоит ли новое тело того колоссального пути , что было пройдено вдвоем ,

Стоит ли 3-9 месяцев ярких эмоций того глубокого состояния стабильности , в котором мы живем.

Вообщем этот пункт - я назову рационализацией , созданием экосистемы вокруг. Создай условия , в которых от тебя не будет смысла уходить в поисках новых слуг ,

И если решишь уйти - долго и хорошо подумай , нужно ли оно тебе , взвесь этот шаг. С девочкой это работает точно также , если интересно , если ты ей не враг.

Если ты будешь меня любить , не будешь во всем отказывать , даря нежности свет , Удовлетворять мои желания будет ли у меня причина бросать тебя ? Очевидно , что нет !!

Думаю все это логично , причинно-следственная связь ясна , и с этим разобрались на раз-два. Якори безопасности. Это , наверное , лично моя собственная прихоть , философия и слова , Взамен на постоянную ревность , тотальный контроль и скандалы. Как я и сказал , я ценю время девушки , ее будущее и ментальные кварталы.

Если со мной что-то случиться , или меня поведет , и я каким-то образом изменю хотя это бред !! Если рассматривать все сценарии , то у нее будет повод от меня уйти , прервав наш обет.

Но возможно , вероятно , не будет материальной возможности , наступит тупик. Ведь жила на моем обеспечении , в моем доме , привыкла к роскоши , а тут крах в один миг ,

Отвыкла от быта , осталась ни с чем - это социально жестоко и не по-мужски. Я правда не против доказать свою верность личным делом , избавив от лишней тоски.

Открыть ей бизнес , может квартиру вместо этого , сделать финансовый щит , Чтобы если я действительно предам ее верность , ее доверие , пока она крепко спит ((

Если она при этом будет верна , добра и также любяще ко мне относится во всем - То конечно , будет честно отплатить ей материально и дать возможность уйти своим путем.

Я понимаю , что я никогда не изменю , по причине своего характера и селективных сексуальных предпочтений , Но говорить можно что угодно , слова эфемерны в потоке временных течений.

Почему бы просто не обезопасить ее материально , если ей так будет спокойнее и легче дышать. Этот пункт работает только с моей стороны , это моя философия , помогающая ревность разрушать.

В свою же очередь такой контракт должен быть очень правильно подписан , иметь весомый статус. Если женщина мне изменит , конечно же , такого не произойдет , поднимется предательства градус)

У меня есть честь и гордость , мужской кодекс , и как бы я ее сильно ни любил , Наградить ее за измену мне не позволит эго , я бы себя за это ментально убил )

Просто для меня это тоже как пунктик , железобетонный якорь оставаться со мной. Дополнительный триггер на всякий случай , чтобы это просто было , храня наш покой ,

И чтобы я каждый день не думал о том , стоит ли или не стоит ревновать тебя к тени. Ну и также правки. Девочка если захочет уйти , может не изменять , избегая измен и лени ,

Может нарошно вести себя отвратительно , чтобы парень сам предложил расстаться. Но , если это будет сопровождаться действительно хорошим отношением ко мне , желанием разобраться ,

И обычным разговором без предварительных измен и подлых девиаций в тиши , То я хорошо подумаю , как мне ей базово помочь в новой жизни , предоставив ресурсы от души ,

Чтобы она уверенно стояла на ногах и не вернулась на точку невозврата , в материальный ад. Закончу тем , Что я просто не верю что от такого меня можно будет уйти назад.

Если я буду той версией себя , о которой думаю , созидая наш личный эдем , Ну я бы на месте девочки просто не смог от таких условий и такого парня уйти , без лишних дилемм ))

Может это выглядит эгоистично , но это мое откровенное мнение , честное , взгляд изнутри. Я считаю - что 99.80% мужчин не готовы дать девушкам того , что хочу дать я , как ни крути.

Не готовы не только по причине нежелания , но и по причине отсутствия ресурсов и великодушия у них. Ревновать к мировым элитам я тебя точно не буду , этот страх в зародыше стих ,

Так как маловероятно , что ты их вообще встретишь на своем жизненном пути , А всех остальных - ну я считаю себя лучше них , зачем мне ревновать к неудачникам , господиии простиии 🙄

Такие вот мысли. Так что , мы не скандалим и не запрещаем ничего друг другу , храня наш союз.. Мы понимаем что можно , а что нет , по нашим ощущениям , не допуская измены укус ,

И по ощущениям партнера. Если что - откровенно поговорим , элиминируя недопонимания дым. 

Насчет дел. Сижу уже минут 40 это пишу.. Умоюсь , выпью водички , сделаю позавтракать себе сам. Мне правда неудобно гонять Леру , давать волю бытовым капризам и часам.

Хоть и деньги платят , ну блять , я хочу заботиться о девушке , проявлять благородство вовне , А не чтобы она заботилась обо мне , прислуживая в тишине. Такой я человекккк. Следит чтобы не курил - и на этом хватит , это её максимальный порог. Также мне немного неловко с факта.. Ну я сказал изначально , что не буду курить и заниматься сексом , дал зарок ,

Другие слова говорить не буду , они мне не нравятся блять , вызывают отторжение и спазм 🙄 Но я отказался исключительно от порно и травы , это мой осознанный ментальный оргазм !!

Мне просто реааально неловко , что ты пишешь горжууусьь на одноо блять и думаешь может о другооом в этот миггг , Ну пиздеец типо , будто я наебываюю тебя , создавая фальшивый и ложный лик.

Реально я не могу блять врать , мне плохо становится морально , начинается когнитивный диссонанс. Ну правда , мне и терапевт сказала избавиться исключительно от источников триггеров и фантазий , улучшая наш шанс , Негативных стимулов порноиндустрии , а не от самого физиологического занятия , как такового. Про физиологию там оббясняла эффект Кулиджа !! При котором сильно хочется из-за того что бросаю , паттерна старого ,

Еще возраст , высокое либидо , гормоны бурлят , нейробиология берет свое , ну корочее..

Так что 5 или 6 дней без порноконтента , а не тотального воздержания , если чтооооооо , блять нет рифм кроме курорта сочи !

Даже не знаюю зачем пишу об этом , просто неловко думать , что ты думаешь по-другому , в иллюзии живя , И будто я недоговарию тебе о чем-то в своей жизни или лгу , доверие губя.

Ладно про дела !! Щас начну разбираться в самом 1 проектееее , управлять процессами , а не кодом. Хочу его выпустить в релиз , и только в свободное время писать наш с тобоййй сайтт , занимаясь продуктовым уходом. А то реально как на работу хожу блин , каждый день сижу за ниммм , превращая хобби в рутину. Вот и очень очень постараюсь поговорить на том , что написал на английскомм , преодолевая языковую плотину.

Практикааа... А также книжку по философии одну хочу прочитать оченьь , углубить свой ментальный базис. Вообщем правда ты такое солнышкооо , мой личный экзистенциальный оазис.

Я утром тебя невероятно хочу комплиментами осыпать , зайкууу мою , дарить вдохновения свет , Мне очень приятно с тобой , и я хочу чтобы ты знала , что ты меня невероятно вдохновляешь в ответ !!

Каждый день своими словами , поддержкой , нежностью , теплотой общения и вообще всем своим видом !! Пишу пока в избранном крутится твой кружок с ногтями , эстетика бьет по глазам флюидом !!!

О нееееееееет я щас скажу лишнеегооо бляяятьььь , сорвусь в избыток эмоций и чувств.. Всееее Полиночка , я зайдууу как освобожусь , когда разгребу этот ворох искусствввв

Я понимаю как важно наше общения , но блять правда , я буду куда радостнее и счастливее в итоге , если ты будешь жить там где желаешь , обустроишь свой быт , не думая о тревоге ,

Встретишься с подружкой , заведешь собачку , бассейн , ааааааааа , это же идеальный расклад !! Так мне будет приятнее , и сделать для тебя смогу боллше , созидая наш личный клад.

Так что ничего страшного , что пожертвуем пару часов нашегоо общенияяя ради великих целей и дел. Доброе утро !!)) Как спалооосььь ??? Надеюсь сон твой был светел и бел !!

Покушааай пожалуйстаааа , наберись энергии для нового дняяя.

Вот и водички пей Поля , это реально важноооо для здоровья и для меняя..

Помни что ты умничка , и я в тебя всегда верю , я твой главный фанат !!

Не только я если что , там еще дюжина подружек , но не суть , вообщем целый парад !! 🙄",Grinch,25 мая 2026 г.,🥧,2,false,"[{""id"":1779682796369,""date"":""07:19"",""text"":""Такой ты мальчуганчик, интересный🤭. Мне понравилось читать, пиши побольшеее. Люблююю"",""author"":""Cindy""},{""id"":1779688325086,""date"":""10:52"",""text"":""ой.."",""author"":""Grinch""}]",2026-05-25 02:09:02.179922+00,"[""Cindy"",""Grinch""]"
24340f38-ca33-427f-8c79-22a8907972a8,У заколоченной двери,"В январе я узнал, что брата больше нет, он замерз на окраине парка.
А я в это время крутил роман с малознакомой девчонкой из мфц.
Мы пили дешевый сидр, в комнате было душно, темно и жарко,
И я целовал ее, забыв о долгах, о зиме и о мертвом отце.

Она ушла под утро, прихватив мой дореволюционный макбук и паспорт, Оставив записку на зеркале помадой - Прости, подвернулся шанс.

Я сидел в кабаке Апофеоз на окраине душного гетто, Где неон разъедал темноту как кислотный, дешевый раствор.

Я бежал от жены, ее святость была абсолютным вето. Ее чистая совесть сквозила в меня, как немой приговор.

И в угаре хеллоуина, под маской чумного придурка, Я шептал бред про вечность какой-то сквозной малолетке на баре. Ее взгляд был пустым, как разбитая в хлам штукатурка, Она пахла сиропом и деструктивным угаром.

Ты забавный, рекла она, только, пардон, инфантилен. И ушла с лейтенантом, чей мерс резал ночь пополам. Я остался один, мой внутренний компас был обессилен.
И такси уносило меня по разбитым дорожным швам.

Я скупил в круглосуточном водку, акцизный анальгетик. Наплевав на запреты ворвался к отчиму в три часа. Он дремал под бои без правил, седой аскетик, телевизор мерцал, отражаясь в его глазах.

Ты ведь мне не родной. Я не должен считаться отцом.

В девяносто первом, когда развалилась система,
Твоя мать за долги продалась под прицелом ствола. Это был маргинальный исход, роковая дилемма, Перед тем как уйти по этапу, она тебя мне принесла.

Жизнь не схема, сынок, и не повод для умных дискуссий. Это баба с характером, склонная к вечной утере. Не пытайся понять ее логику в фазе диффузий, Просто преданно спи у ее заколоченной двери.

А потом наступил латентный, глухой санаторий. Белый шум, коридоры, решетки, уколы в предплечье. Я лежал на кушетке, субъект оторвавшихся историй.
И сознание плавилось, теряя людское наречье.

Моя память всплывала, как выпотрошенная белуга, Я не мог прочитать ни одной из принесенных книг. Нейролептики стерли все контуры южного друга,
и язык мой присох, превратившись в оборванный крик.

На стене в общей кухне висела картина убогая. Человечек в снегу посреди ледяного плато. Я смотрел на него, и субстанция, темная, строгая. Затекала мне в поры, как выступление приезжего шапито.

Это был мой катарсис, отказ от пустых иллюзий, Что мы ищем кого-то, чтоб слиться в сакральный код. Мир сплетение слизи и странных аллюзий, Где безумие водит со временем свой хоровод.

Мир всегда дрейфует в сторону чистого ада, Туда, где энтропия гнет города и мосты. Умей симулировать радость, когда ее надо, И помни в сухом остатке останешься один только ты.

Нет метафизики, сынок, и божественных знаков,
Есть лишь импульс в колене, кость и намокший тряпичный лоскут. Подними свою ногу из этой грязи, Сделай шаг.. 
      
       Тебя и так нигде не ждут.",Grinch,25 мая 2026 г.,🌿,1,false,[],2026-05-25 16:38:17.58796+00,"[""Cindy""]"
24414c6c-9602-4d89-833f-453758ec90fb,Никогда не заходи в бравл старс в 3:33..,"Привеетик давно не виделисььь !!
Хочу все тут поменять , Весь дизайн , Сделать все удобнее и по другому , Пока не знаю как но это сути не меняеееет

Много писать не буду , Скажу лишь что все сделал , Ложусь с спокойной душой спать. Экран полностью закончил , Не считаю тяжелую логику обучения нейросети , Она обучается сама по себе достаточно долго и габаритно , Поэтому оставил на последние штрихи + Пока буду работать над первой Эрой

Сегодня десятое число , Начну работать с масс медиа , Так уж и быть конченные либералы меня склоняли , Стану инста дивой что кичится своими проектами да да да да да. Локализацию бы всего сайта провести на английский.. Ладно , Решуу

Сладких снов , Приятных , Сердечко",Grinch,10 июня 2026 г. в 05:30:17,🌿,1,false,[],2026-06-10 00:30:18.320453+00,"[""Cindy""]"
2787384c-211c-42b5-bbb7-6b2a04b7bab2,"дорогой дневник, мне не описать ту б...","ЯЯ встала в 9, потому что кто то не отпускал меня спать
Вота я собралаась, поела, поискала одежду на вб, ничего не нашла
встретилась с Ариной в электричке, я постоянно пока ее по вагонам ищу, прохожу мимо и она мне кричит ПОЛИНААА

отсидела пару по домашнему чтению, контрольнуююю, не смогла почти списаааать ну и ладно, потом мы хотели уйти с фонетики с Ариной, но че то долго думали и уже не успели
отсиделии, арина поспала, я нет и все, на физру не пошли, поехали домой
я поела лазаньююю и мороженое, завидуй ха

и щас я лежуууу с ноутбуком на коленках, с телефоном в руках

что насчет червяка то???",Cindy,16 мая 2026 г.,🌸,2,false,"[{""id"":1778964615845,""date"":""23:50"",""text"":""быстро лайк"",""author"":""Cindy""},{""id"":1778964764560,""date"":""01:52"",""text"":""слушаюсь"",""author"":""Grinch""}]",2026-05-16 20:49:19.890694+00,"[""Cindy"",""Grinch""]"
2b5bf7a7-ca26-4a8d-8581-482d22d893ff,Глазки закрываем,"06.06.2026)) красивая дата  1:34.
18 день уже! Я очень горжусь тобой и люблю. Спии больше, все, снова режим налаживай!! 

Пойду сейчас тоже спать) сегодня в автобусе спала чуть чуть, даже чуть телефон не уронила хахахаха. Но Ладноо, щас лягу и все хорошо. 

И правда красивая датааа, я даже сначала не поняла, и врем ябы ещё красивое поймать) 

Все иду спать, люблю тебя

",Cindy,5 июня 2026 г. в 23:35:53,❤️,2,false,"[{""id"":1780716731169,""date"":""08:32:11"",""text"":""Моя девочка , И я тебя очень люблю !!"",""author"":""Grinch""}]",2026-06-05 20:35:54.843827+00,"[""Grinch"",""Cindy""]"
3112bb0a-93cc-449a-883f-2a81b620f78e,Я поздно засыпаю - рано просыпаюсь,"Смотрю в телефон и жду....

Тутуту, ну устала сегодня, ничего не делая))
Ладно, встану утром хорошо и будет кайф. Контрольная ещё будет ох. 
Нууу котиков кормила уличныых, а то бегают за мной, мяукают. На улице оч много веток валяется после грозы, а в Ярославле жарко было очень, мама сказала. Хээ ну конечно🙄 

В тик токе че то началось, одни видео эти попадаются, где философия какая то, или кадры с фильмов, типо любовь - это, ненависть - это
Че началось тоооо. Ну и грустные тожееее есть. Ладно я не жалуюсь, тоже нравитсяя (лайкаю жеее) 

Falling - hospital щас играет, да я уже почти наизусть выучила))
А ты в выходные поедешь к брату, писать не будееешь?
А домой летом хотел ехать жее, осд на плазме смотреть

Ну так
15.06.2026 4:10
27 день)) горжусь тобой, даже если ничего не делаешь(всегда) Ладноо, ты реально много делаешь, даже бесишь уже🙄
Лечииись, хватит болеть, кушай хорошоо, не работай много, а то постоянно нервничаееешь. А ты поэтому и болеешь вообще тоо. 

Все, я ложуусь, теперь точно))))😛
Люблюю",Cindy,15 июня 2026 г. в 02:20:38,🌸,1,false,"[{""id"":1781504606039,""date"":""11:23:26"",""text"":""Тебя и в правду стоит выписывать вместо таблеточек. Мне так приятно читать все это по утрам.."",""author"":""Grinch""},{""id"":1781504715312,""date"":""11:25:15"",""text"":""Будет забавно если через пару лет ты начнешь критиковать Кафку и цитировать Бодлера) Затянет не дай боже!!"",""author"":""Grinch""},{""id"":1781504766800,""date"":""11:26:06"",""text"":""К брату не поеду, Не люблю праздники, Пить же все едут, Омерзительно мне"",""author"":""Grinch""},{""id"":1781504899464,""date"":""11:28:19"",""text"":""Домой не могу поехать, Ибо не смогу общаться с тобой. И пк нет, Как работать.. Не знаю, Если тг премиум купить то как вариант на неделю отдохнуть можно как закончу со всеми делами. Соскучился по виду там"",""author"":""Grinch""},{""id"":1781504945152,""date"":""11:29:05"",""text"":""Спасибо поль, Мне очень приятно слышать такие слова, Твою поддержку и заботу"",""author"":""Grinch""},{""id"":1781504964576,""date"":""11:29:24"",""text"":""И я люблюю"",""author"":""Grinch""},{""id"":1781505177050,""date"":""09:32:57"",""text"":""Нет, я знаю Кафку только из игры"",""author"":""Cindy"",""replyTo"":{""id"":1781504715312,""text"":""Будет забавно если через пару лет ты начнешь критиковать Кафку и цитировать Бодлера) Затян…"",""author"":""Grinch""}},{""id"":1781505203405,""date"":""09:33:23"",""text"":""Ну хорошо"",""author"":""Cindy"",""replyTo"":{""id"":1781504766800,""text"":""К брату не поеду, Не люблю праздники, Пить же все едут, Омерзительно мне"",""author"":""Grinch""}},{""id"":1781505236293,""date"":""09:33:56"",""text"":""((("",""author"":""Cindy"",""replyTo"":{""id"":1781504899464,""text"":""Домой не могу поехать, Ибо не смогу общаться с тобой. И пк нет, Как работать.. Не знаю, Ес…"",""author"":""Grinch""}}]",2026-06-14 23:20:40.195648+00,"[""Grinch""]"
3b6d5178-5f66-4dde-8e4e-0a27974ee648,Первая исповедь,"Привет, Поленька. Задумка в том, чтобы мы делились тут своим днем, забыв о контексте нашего общения. Чтобы все что происходило тут, оставалось тут. Так вырабатывается привычка рефлексировать по поводу своего состояния, и нам станет легче друг друга понимать",Grinch,15 мая 2026 г.,🧸,2,true,"[{""id"":1778847111842,""date"":""17:11"",""text"":""Тут комментарии.."",""author"":""Grinch""}]",2026-05-15 12:09:55.620498+00,"[""Grinch"",""Cindy""]"
4eeffaf5-2d7f-42b0-9cd5-b982dbf97406,в три часа утра под этим питерским рассветом...,"Ну я встаю уже без будильника достаточно рано, хотя помоему так было всегда, очень редко я вставала после 11 утраа в целом. Ну утром было хорошо, почтиии. Реально, не надо было на тгк подписываться, убивают ыыыы.

Ну днем чуть раздражена былаа, эмоциональные качели у меня, swing mood.

ну на французском посидели просто, как всегда с ума посходили, нам с Ариной предъявили 2 раза за то, что мы разговариваем, причем))) Кто-то читает что-то, а Арина мне или я ей что то говорю тихо, и наша француженка говорит: ""Так читайте потише, а то вы мешаете девочкам разговаривать."" ох блин боже мой аааааааааааааа

На крр писали контрольную, ну я списала все, не стыдно, все равно неправильнооо.

Вот я сегодня ничего не сделала, за это стыдно, реально. Не готовилась(((
В тик токе сидела, щас в майнкрафт поиграла, бля я ну разучилась(я и не умела неважнооооо). Все меня там обижают, вообще ужеее.

Сейчас смотрю Ваню на фоне, на ютубе, играет тут в привет сосед, какой-то аналог)) Напишу на завтра планыыы себе, надо сделать. Много ставить не буду, утром надеюсь проснусь рано и поучу тексты на французский, еще один переписать хочу. А ЕЩЕ НАМ ОДНУ ТЕМУ ДОПОМ ДОБАВИЛИ, ДОСТАЛИ. Я ВАМ РОБОТ ИЛИ ЧТО ЭТО ВСЕ УЧИТЬ БЛЯ

фуфуфуууу, блин. 

16.06.2026. 1:33
28 день) Я горжусь тобоой, очеееень. Ты умничка, и за сайт не переживай, реальнооо, что ты рамки ставишь, глупыыый(я же уже привыкла ждать), вот и следующий тоже подождуу, не нервничай только из-за этогооо.
Реальнооо, ну  мне с тобой очень интересноо, классно, крутооо. 

Все, я сейчас спать пойду, умоюсь только.
Люблю ночь, еще светодиодные сделать бы себе, звездное небо и вообще, я летом спать не буду))) И тебя люблюююю <3

",Cindy,15 июня 2026 г. в 23:38:39,🧸,2,false,"[{""id"":1781584992737,""date"":""09:43:12"",""text"":""Облжаююббббююююю"",""author"":""Grinch""},{""id"":1781609421069,""date"":""16:30:21"",""text"":""Ну очень круто что у тебя без будильника получаеетсяя"",""author"":""Grinch""},{""id"":1781609473204,""date"":""16:31:13"",""text"":""(( Не играай бедваарсс"",""author"":""Grinch""},{""id"":1781609525084,""date"":""16:32:05"",""text"":""И мне с тобой очень интересноо"",""author"":""Grinch""},{""id"":1781609551203,""date"":""14:32:31"",""text"":""Ну мне хочетсяяя"",""author"":""Cindy"",""replyTo"":{""id"":1781609473204,""text"":""(( Не играай бедваарсс"",""author"":""Grinch""}},{""id"":1781609640404,""date"":""16:34:00"",""text"":""Ну начнии другооее расхочеется"",""author"":""Grinch"",""replyTo"":{""id"":1781609551203,""text"":""Ну мне хочетсяяя"",""author"":""Cindy""}},{""id"":1781609666997,""date"":""14:34:26"",""text"":""А другое не хочууу ыыы"",""author"":""Cindy"",""replyTo"":{""id"":1781609640404,""text"":""Ну начнии другооее расхочеется"",""author"":""Grinch""}},{""id"":1781609687733,""date"":""16:34:47"",""text"":""Тебе так кажется дураа"",""author"":""Grinch"",""replyTo"":{""id"":1781609666997,""text"":""А другое не хочууу ыыы"",""author"":""Cindy""}},{""id"":1781609711245,""date"":""14:35:11"",""text"":""Не кажетсяяяя"",""author"":""Cindy"",""replyTo"":{""id"":1781609687733,""text"":""Тебе так кажется дураа"",""author"":""Grinch""}},{""id"":1781609731473,""date"":""14:35:31"",""text"":""А все буду играть я😛😛😛"",""author"":""Cindy""},{""id"":1781609908709,""date"":""16:38:28"",""text"":""Приезжай домой майнкрафт попробуем)"",""author"":""Grinch""},{""id"":1781609968226,""date"":""14:39:28"",""text"":""Хорошо, я сегодня позже приеду, наверное"",""author"":""Cindy"",""replyTo"":{""id"":1781609908709,""text"":""Приезжай домой майнкрафт попробуем)"",""author"":""Grinch""}},{""id"":1781610089965,""date"":""16:41:29"",""text"":""Почемууу.."",""author"":""Grinch""},{""id"":1781610129941,""date"":""14:42:09"",""text"":""С транспортом проблемы"",""author"":""Cindy"",""replyTo"":{""id"":1781610089965,""text"":""Почемууу.."",""author"":""Grinch""}},{""id"":1781610212797,""date"":""16:43:32"",""text"":""(((((("",""author"":""Grinch""}]",2026-06-15 20:38:36.759807+00,"[""Grinch"",""Cindy""]"
5ace2c55-d018-41b3-b32e-95fbedf925ea,Бутерброд мне все рассказал...,"Спать хочу, очень, идти никуда не хочу, но нужно. Ладнооо, щас если все сделаю быстро, может с ноута допишу че нить, мне с телефона неудобно

все, спокойно, щас музыку включу ""легенда о боге смерти"".
Сон, нууу,классно,наверное?? Мне просто ничего не снится, хочу. Странно вообще, когда переписки снятся, еще и если запоминать слова оттуда мммм

Ну не могу не зубрить, некоторые сама объясняю, а так надо ее словами рассказывать по большей части,  а то съест. Ладно бля выучуу как нибудь, а когда не делали. 

Пью коктейль, сегодня на 2 пары поеду, я уже месяц на физру не хожу(( Буду потом как то баллы набирать, ну ладно. 

Всмысле Синди лу купила награду,пиздеж

А кстати, а че письмо ток 1 можно писать????

30.05.2026 11:33
11 день! Или 1..... нет
горжусь, ценю, люблю, скучаю
умничка, делай.

Какие мне задачи то ставить, кроме как выучить, а я даже это не выполнила АХХАХАХ ладноооо, сделаю 

Звони",Cindy,30 мая 2026 г. в 07:24:29,❤️,1,false,"[{""id"":1780122212655,""date"":""11:23:32"",""text"":""Ты хотябы пиши что неудобно чтобы я исправлял ))"",""author"":""Grinch""},{""id"":1780122502400,""date"":""09:28:22"",""text"":""экран маленький)) расширишь телефон??"",""author"":""Cindy""},{""id"":1780122543973,""date"":""09:29:03"",""text"":""и там,кстати, кнопка сохранить запись после редактирования не помещается"",""author"":""Cindy"",""replyTo"":{""id"":1780122212655,""text"":""Ты хотябы пиши что неудобно чтобы я исправлял ))"",""author"":""Grinch""}},{""id"":1780123078423,""date"":""11:37:58"",""text"":""Хорошоооо еще пишиии чтоо я через часик исправлю закончуу с проектоом"",""author"":""Grinch"",""replyTo"":{""id"":1780122543973,""text"":""и там,кстати, кнопка сохранить запись после редактирования не помещается"",""author"":""Cindy""}},{""id"":1780123091431,""date"":""11:38:11"",""text"":""Я тебе параллельно тут в блокнотик пишу.."",""author"":""Grinch""},{""id"":1780123100791,""date"":""11:38:20"",""text"":""Психически больной"",""author"":""Grinch""},{""id"":1780123169163,""date"":""09:39:29"",""text"":""тутуту"",""author"":""Cindy"",""replyTo"":{""id"":1780123091431,""text"":""Я тебе параллельно тут в блокнотик пишу.."",""author"":""Grinch""}},{""id"":1780127825701,""date"":""12:57:05"",""text"":""какая именно кнопка и где ? "",""author"":""Grinch"",""replyTo"":{""id"":1780122543973,""text"":""и там,кстати, кнопка сохранить запись после редактирования не помещается"",""author"":""Cindy""}},{""id"":1780127900344,""date"":""10:58:20"",""text"":""Как я тебе ещё объясню"",""author"":""Cindy"",""replyTo"":{""id"":1780127825701,""text"":""какая именно кнопка и где ? "",""author"":""Grinch""}},{""id"":1780128084009,""date"":""13:01:24"",""text"":""дурочка ладно скинь втгшку"",""author"":""Grinch"",""replyTo"":{""id"":1780127900344,""text"":""Как я тебе ещё объясню"",""author"":""Cindy""}},{""id"":1780128134503,""date"":""11:02:14"",""text"":""Сюда скину"",""author"":""Cindy"",""replyTo"":{""id"":1780128084009,""text"":""дурочка ладно скинь втгшку"",""author"":""Grinch""}},{""id"":1780128137478,""date"":""11:02:17"",""text"":""Тогда"",""author"":""Cindy""}]",2026-05-30 04:24:30.57941+00,"[""Cindy""]"
5c26fffe-ca89-420e-a4b6-2880ea07cdf8,отпусти меня еб спайс,"ТВОЮ МАТЬ ЧТО МНЕ СНИТСЯ АХАХАХАХ КЛЯНУСЬ БОЖЕЕЕ КО МНЕ ПРТБЕГАЕТ ЛЕРА И ГОВОРИТ ТЫ ЧЕГО СТОНАЕШЬ АХАХАХ

КОРОЧЕ ПОЛНЫЙ П

ну тут 18+ я вспомнил,ты еще прекраснее чем казалась. 

короче я начну с последнего сна у меня пульс подскочил из-за него, а потом начну с 2, а первый был вчера. я все вспомнил.

лучше нет не так, по другому! начну со второго) короче зайка ты приехала, БОЖЕ КЛЯНУСЬ ТЫ ПРОСТО ПРЕЛЕСТЬ, я встретил, мы приехали, ну опять же у нас с тобой дикая романтика, я просто супер харизмат, ну и отношения у нас начинаются с чего то очень странного. короче есть одна странная пара ниже меня. красивая молодая девушка и какой-то дед, который не разговаривает, просто странный перец, жуткий капец. ну и че то случился капец. ну ты приехала я с тобой флиртую мы общаемся я такой вау вау ты тоже и я слышу ну мне замок открывают дверной. я всегда на 3 закрываю чтобы успеть (страх с детства из-за снов) ну я добегаю когда он открыл два сразу закрываю обратно на три смотрю паралельно в глазок и говорю очень грубо что сейчас я выйду и мы серьезно поругаемся, это еще что за дела такие, он дальше прикинь открывает, ну я беру ножницы с полки и тоже начинаю открывать чтобы сразу его обезглавить идиота я злой капец ну открываю начинаю идти на него а он испугался зажался ну и типо ошибся. жена говорит ну мы к вам в гости. ну я такой ладно зачем-то впустил. ну а вчера это чучело чето караулило меня у двери не знаю он маньяк какой-то. ну и он садится торт принесли и нож просят. ну я думаю типо привез я тебя щас зарежут будет не комельфо ну и конечно в рот ему а не нож я сам порезал, ну и попросил ручки, жена просит он немой. и держит ручку острую в руке одел очки и рисует что-то упорно. ну ты зажалась страшно же капец но ты достаточно открыта была, хоть только приехала мы будто уже 1000лет знакомы, ты очень прилежно ко мне относилась, доверяла
ну я сам взял нож, и говорю, ну ребята, что-то я вам не доверяю. поднял ее жену и завел в другую комнату закрыв его в той одного тебя вывел АХАХАХА ПРТКРНЬ ТАМ БЫ ОСТАВИЛ  ну короче жена его плачет говорит что я тебе сделала тп тд ну и я рассказываю что ее паренек меня уже какой день хочет убить то у двери стоит то в глазок мне смотрит ну я нервничаю. у нее паника она думает ч ее убью паралельно через стекло смотрю на ее мужа сидит даже не шевелится просто рисует. рисует белеберду 8струнный механизм как у двигателя машины. ну и я вывел ее в коридор сказал ему собираться и сматываться с моих хором, плебеям, ну и они ушли. И Я ЗАБЫЛ ЗАБРАТЬ У НЕГО КЛЮЧИ . закрыл дверь
НУ ВСЕ ТУТ 18+! НУ ЛАДНО 17+ 
ты прижалась ко мне почти заплаканная, я тебя успокоил, и реально мы такой Коннект нашли. я помню одну сцену но не понимаю как она получилась. вообщем пока мы обнимались ну ты такая красивая, начал тебя целовать и ты была совсем не против ДА ЭТО АСЕ ШОК Я БЫ НА 1 ВСТРЕЧЕ ТЕБЯ НЕ НАЧАЛ ЦЕЛОВАТЬ УЖАСС вот ты такая былааа вот шею твою, лицо, ручки на талию, и мы так опустились быстро и уже не стояли а полулежали. о чем-то говорили в этот момент.. ну ты мне невероятно нравилась я остановиться не мог и ты не останавливала Я НЕ ХЛЧУ ООПИСЫВАТЬ ДЕТАЛИ А ТО ОПЯТЬ УВЛЕКУСЬ А МНЕ ЕЩЕ РАБОТАТЬ ЦКЛЫЦ ДЕНЬ КОРОЧЕ ПРОДОЛЖАЮ и вот, наклоняю твою голову, приподнимаю блузку, и упираю тебя как бы к стене головой боооком, я так помню уф, ты тоже от удовольствия так как котенок постанываешь норммиик, и вот у тебя все щека и волосы в штукатурке АХАХА ты белая и в паутине легкойй хаахха, ты спрашиваешь испачкалась ли ты так вздохнув типо эххх, я говорю да улыбаюсь и щеку твою целую с той стороны где испачкалась, ты была достаточно соленной если интересно, и вот опять вернулся к шее, ладно к сутии вот мы легли уже на другую сторону, ты меня лапаалаа, разговаривалаа, и сказала что еще минуты 3 и ты прям все, что-то загнала про период у девушек такой что вот сначало прелюлии нужны еще что-то ну я начинал расспрашивать в процессе и мы так игриво короче круто отвечали, ну и ТЫ СПРЛСИЛА РЕАЛЬНО ШОК КАКОЦТООО ты такая типо ты точно готов ну я понимаю типо ну странно у чему я готов врятои ты про поездку в космос ну и я такой, чуть останавливаюсь, типо, обязательно ли, тебе не нравится сам процесс? и ты так слегка подрастроилась, я начал думать типоо.. так, а почему, тоесть я понимаю взять в жены, девушке это важно, гарантии ТД тп, но сексом на первой встречее так ещё и без.. ты что кукуу реально ну я сразу в отказ пытаюсь разобраться,ну ещё было так что мы не закончили я целую, но ты такая грустнкнькая стала и я спрашиваю зай а почему мы это не обсуждали какой ребенок реально сразу кис типо ты узнай меня хотябы полностью а то ну раноо я короче невероятно мягко пытаюсь тебе объяснить ну что бред это но видишь даже во сне нежно доношу такоее тебе)) ну я перестаю естественно, ты же расстроилась может рассчитывала на другое, одеваю майку, стою у зеркала общаюсь с тобой как-то располагаю чтобы ты успокоилась а то ты реально грустишьь. ну беру инициативу прижимаю чуть чуть к стенке ну и мы поговорили и ты в щёчку меня поцеловала и пошла купаться короче закрылась все хорошо. я тебе чаю сделал, пироженного купил пошел, и ты села сериал по тнт смотреть остров, кушала, такая милая была боже) И ОПЯТЬ ЭТО ЧМО КПК Я ЕГО КБ

Короче зайка ну ты под одеялом кушаешь я уже пришел в себя и думаю ля а проверю я дверь. ПОДХОЖУ И ВИЖУ ОНА СЛЕГКА ПРИОТКРЫТА И ОН СМОТРИТ В ЩЕЛЬ ну я сразу ахахаха попытался закрыть но он стратег уев чем-то приоткрыл и она не закрывалась и как он понял когда что я закрываю с ножом пошёл на меня калека еб ну вот идёт ну И Я КАК ВСЕГДА ВО СНЕ ИНВАЛИД НИЧЕГО НЕ МОГУ СЖЕЛАТЬ ДАДАДАДАДАДАДАДА беру сразу стул соображает же голова кидаю в него что думаешь? даже не долетел вериим далее пока иду назад пытаюсь нащупать ножницы которые стоят у меня все падает да конечно и он бежит, ну я понимаю, что вариант один это надо НУ Я НЕ ГЕРОЙ Я НЕ БУДУ ДРАТЬСЯ ПРОТИВ НОЖА ТИПО МЕНЯ ПОРЕЖУТ И ВСЕ ТАК Я ЕЩЕ И ТАКОЦ КРИВОРУКИЦ СТУЛ НЕ ДОКИНУЛ НЕ СМОГ ДВЕРЬ ЗАКРЫТЬ ДЕД 90ЛЕТ ИНВАЛИД ОКАЗАЛСЯ СИЛЬНЕЕ МЕНЧ ДА ну и я понимаю 2 этаж надо прыгать в окно, дверь открыта, он медленный, сразу бежать обратно брать тебя зайку и бежать ну либо пойти его жене разбить еб ладно я бегу окошко открыто уже собираюсь прыгать ида он оказывается ещё и супергерой лять он замедляет время и пока я пытаюсь упасть в проеме режет меня ((( ну и я просыпаюсь с пульсом 140. стонал от тебя или от деда богу известно АХАХАХ.

ВАЖНЫЕ ПРИМЕЧАНИЯ: мы были в моей нынешней квартире Я ТЕБЯ СЮДА ГЕ ПРИВЕЗУ НЕТ НЕТ НЕТ ТЕБЕ ИСКЛЮЧИТЕЛЬНО ВИП ЛЮКШЕРИ 900К+$
Далее если бы у меня был такой сосед ну конечно мы я его застрелил в первый день без шуток и камеры у меня стояли и сигнализация нутда конечно ключ от двери еще что ему дать. Ну и объективно это я во сне такой слабый всегда реально я во снах из 40 драк выиграл 0 клянусь 0 даже против 1классников я буду бью по груше отвечаю четкий удар в челюсть пацанчик стоит как стоял, еще три удара в голову, он свежий стоит дальше, ну да верю конечно у меня же руки из ваты сделаны или я массаж ему делаю не знаю, но и меня никогда не били, просто я не мог их вырубить, АХАХА ТЛЛЬКО РЕЗАЛИ ТЕПЕРЬ НЕ БИЛИ

ну короче если бы такое случилось ну я бы не был таким тактичным мальчиком а там же его разобрал художника уевого с ножом он без какая разница. вот такой сон

Прости АХАХАХА о части с тобой я сначало вообще забыл о деде думал реально испугался а потом как вспомнил)) ну ты такая крошка лапонька, боже если бы ты слышала и видела как у нас складывался диалог, как тебе было безопасно и тепло со мной, ну исключая то что тебя убили скорее всего в тот вечер, АХАХАХАХ приехала называется, но тебе было очень хорошо, я тебе понравился, мокренькие лежали обаа)) 

это сон я решил поделиться! мы же не осуждаем сны? АХАХАХ а прикинь типо у меня фетиш такой единоразовый после секса хорошенько умереть обоим ААХАХАХАХ ладноо всеее сексааа не былоо ну Яя ответственный как я мог реально я же не идиот.. Но ты такая милая ьожее и пахлаа так вкусноооо)) Говорю только зря я стал облизывать штукатурку с твоего лица

все короче ! 7:00 реально 2-3 сна за 6-8 часов надоелиии но ты мне еще больше стала нравится ураа реально куда еще большее)) я щас пойду умоюсь попью водички и учиться ты меня вдохновила девочка мояяя реально заберу заберу заберу заберуууууу всеее Только действия СЛУШАЦ ТОЛЬКО ДЕЙСТВИЯ РЕАЛЬНО словам верят только идиотки ты же не идиотка кошечка моя)) ты дура просто все давааййй люблюююю прости если получилось откровенно полькаа такое блин снится что сделаббюю. я хотел описать все в деталях и красиво чтобы тебе приятно читать было но подумал что в слоге погрчзну и буду целый день писать тебе это ведь важное жеее поэтому лучше так

знаешь зайка я все равно хочу сказать что ну нет Ничего невозможно правда если я буду работать каждый день я же не глупый ну разве я не смогу купить все что хочу это же логично что смогу и вот у моец сестры парень у него 3 дома загородных все такие как я описывал ну ладно чуть поменьше)) но если все 3 продать то получится мой как раз, или вот у леры там дядя она фоточки показала тоже 3 этажа бассейн реально ну делают же люди клянусь чем я хуже то ну ничем я красив умён талантлив вот я просто реально ну мне неприятно осознавать что ты можешь в меня не верить или думать что аййй вот рассказывает наверное я даже сам больше об этом думаю чем ты но лааадноо короче все просто иду делать и все мууур)))

все равно я вот так хочу написать какая ты привлекательная полиночка мне так твой образ запомнился, волосы твои нежные такие, я за ушко тебе их завернул, или твоя кожа гладкая, голос твой успокаивающий как в гипнозее короче все ты просто хорошая вот помни знай не разлюблб!
хочу на шоу с тобой гордиться такой зайкой очень))))))",Grinch,2 июня 2026 г. в 07:14:21,🧸,1,false,"[{""id"":1780374117324,""date"":""07:21:57"",""text"":""Скажи честно, ты читал фанфики перед сном???"",""author"":""Cindy""},{""id"":1780374206211,""date"":""07:23:26"",""text"":""Ну дед конечно даа, вдруг он только мужчин не любит, значит я жива, или лучше умереть Бля, чем с ним быть в одном помещении, пиздееец, что"",""author"":""Cindy""},{""id"":1780374259166,""date"":""07:24:19"",""text"":""Да реально работай поменьше, тебе пиздец все снится, А МНЕ НИЧЕГО НЕ СНИТСЯ, Я СКОРО САМА БУДУ СНЫ ПРИДУМЫВАТЬ СЕБЕ ПЕРЕД СНОМ"",""author"":""Cindy""},{""id"":1780374624649,""date"":""07:30:24"",""text"":""Ты Лере рассказал, что стонешь из за деда?"",""author"":""Cindy""},{""id"":1780378357654,""date"":""10:32:37"",""text"":""AHAHAHHAHAH "",""author"":""Grinch"",""replyTo"":{""id"":1780374624649,""text"":""Ты Лере рассказал, что стонешь из за деда?"",""author"":""Cindy""}},{""id"":1780378364582,""date"":""10:32:44"",""text"":""иди ты а"",""author"":""Grinch""},{""id"":1780378427526,""date"":""10:33:47"",""text"":""я не знааюю зачем я сам проснулся типо мне так страшноо было и я такой мяяяяууу мяууумяму"",""author"":""Grinch""},{""id"":1780378447157,""date"":""08:34:07"",""text"":""ХАХАХАХХАХАХА ты вжился в роль..."",""author"":""Cindy"",""replyTo"":{""id"":1780378427526,""text"":""я не знааюю зачем я сам проснулся типо мне так страшноо было и я такой мяяяяууу мяууумяму"",""author"":""Grinch""}},{""id"":1780378516222,""date"":""10:35:16"",""text"":""даааа реальноо"",""author"":""Grinch"",""replyTo"":{""id"":1780378447157,""text"":""ХАХАХАХХАХАХА ты вжился в роль..."",""author"":""Cindy""}}]",2026-06-02 02:14:21.946912+00,"[""Cindy""]"
6c7214e3-be24-4ba9-98e2-4adc0cb25762,Терпи..потому что Господь с тобой еще не....,"Ну утром встала в 7, поняла, что хочу спать и еще Арина написала, что не пойдет на первую пару ахах, я тоже решила не идтиии. ДА Я СТАДООО
Вот получила оценочку на крр)) надеюсь она поставила, а не напиздела ыыы
сейчас прогнала темы, нужно выучить 4 и  8 повторить оох, сейчас буду кушать еще
ну я постараюсь лечь пораньше, чтобы встать в 7, вот завтра напишу планы, если я сдам зачет этот уебский. 
потом всю неделю планирую расписывать билеты по истории+ французскому ну и параллельно смотреть что то учить, латынь чуть позже придумаю что то с ней, либо буду слова учить, как делала

воот, последний экзамен 2 июля пойду отмечать одаа, когда сдам все, и в этот же день все пишу планы на лето, продуктив, второе дыхание не знаю, что еще.

01.06.2025.  21:20

13 день:^D
горжусь,молодец-холодец, умничка-тумбочка<3
ода смайлики
",Cindy,1 июня 2026 г. в 19:22:39,🌸,2,false,"[{""id"":1780331438992,""date"":""21:30:38"",""text"":""Та все в порядке , дальше большее ))"",""author"":""Grinch""},{""id"":1780355756167,""date"":""04:15:56"",""text"":""ты моя умничка, у тебя все получится я рядом верю поддерживаю блабалабалабл ахаахаэ короче!! и не редактирруййй пиши новые ты че думаешь я читаю каждый день все посты заново?!?? правильно думаешь."",""author"":""Grinch""},{""id"":1780355835290,""date"":""04:17:15"",""text"":""кстати лацфхак нажми у себя в браузере справа сверху три точки и там должна быть кнопка ВЕРСИЯ ДЛЯ ПК или вид для ПК в хроме точно так, нажми и все удобно вроде, временное решение!!"",""author"":""Grinch""},{""id"":1780373521852,""date"":""07:12:01"",""text"":""Беее, а я знаююю"",""author"":""Cindy"",""replyTo"":{""id"":1780355835290,""text"":""кстати лацфхак нажми у себя в браузере справа сверху три точки и там должна быть кнопка ВЕ…"",""author"":""Grinch""}},{""id"":1780373545080,""date"":""07:12:25"",""text"":""Я говорила, что допишу у и это последняя так что прочитал бв"",""author"":""Cindy"",""replyTo"":{""id"":1780355756167,""text"":""ты моя умничка, у тебя все получится я рядом верю поддерживаю блабалабалабл ахаахаэ короче…"",""author"":""Grinch""}}]",2026-06-01 16:22:38.643504+00,"[""Grinch"",""Cindy""]"
717e3477-4d6b-4d0a-abd6-526337bb5033,Границы полов,"Качается ветка ракиты в окне.
Смывается вечер в густой тишине.
Смотрю на стекло, замерзает рука.
И комната эта темна и пуста.

Я выключил свет, я остался один,
В плену этих серых и душных картин.
Но в мыслях моих, образ твой, как живой.
И я говорю в темноту, сам не свой.

Я тебе говорю, Посмотри на родных.
На скуку и злобу в глазах их пустых.
Они нас не купят ценой суеты.
Они никогда не поймут, кто же ты.

В их фразах дежурных, один лишь обман.
Их души забиты в глухой чемодан.
Давай их проучим, устроим им ад.
Вернем им стократно их ядовитый взгляд.

Свяжем их волю, закроем в подвал.
Чтоб каждый из них наконец осознал.
Каково это жить без тепла и без прав.
Сломаем их гордость, почистим их нрав.
Мы станем для них и судьей, и грозой.
И пусть они плачут бессильной слезой.

Но ты тихо качаешь главой.
Твой силуэт проступает сквозь сбой
Послушай Карим, шепот ее.
Все это безумие, зло и вранье.

Ты слишком ослеп от обиды и тьмы.
Нельзя становиться такими, как они.
Семья это узы, какими б ни шли.
И руки твои будут вечно в крови.

За этот кошмар, за безумный твой шаг
Тебя заберет или клетка, или мрак.
В психушке увянешь, иль сядешь в тюрьму.
Зачем ты стремишься уйти в эту тьму?

А я усмехнулся, глядя в эту постель
Твой глупый испуг не разрушит мне цель.
И вообще, для чего я с тобой говорю?
Ведь я пустоту пред собою смотрю.

Тебя здесь и нет, ты лишь вымысел, бред.
Который со мной уже несколько лет.
Ты призрак в голове, порожденье ума.
Который придумал я сам или даже сама.

И снова ракита качает в окне.
И плавится вечер в густой тишине.
Я выключил свет, Я остался один,
В плену этих серых и душных картин.",Grinch,25 мая 2026 г.,🌿,1,false,"[{""id"":1779727305286,""date"":""19:41"",""text"":""(((("",""author"":""Cindy""},{""id"":1779760438776,""date"":""06:53"",""text"":""Не грустить !! Запрещаююю"",""author"":""Grinch""},{""id"":1779781174118,""date"":""10:39"",""text"":""себе запрети"",""author"":""Cindy""},{""id"":1779781182782,""date"":""10:39"",""text"":""чепууух"",""author"":""Cindy""},{""id"":1779786871827,""date"":""14:14"",""text"":""мне в четверг лекарства новые назначат она говорит что у нас отличная прогрессия типоо злость сильно спала записи о тебе не веду остается птср это но в целом мне все лучше я не врежу себе не порчу жмзнь главное просит не курить если честно я очень испугался когда у меня случился психоз я хотел об этом поговорить но я ничего не помнил о чем говорить как день изсчез. прости что я не попросио прощения если что то и было, не решился "",""author"":""Grinch""},{""id"":1779787006819,""date"":""14:16"",""text"":""я очень жалею что не сдержал обещания что закурил купил взял реально. просто мне было очень плохо и я так горел злостью на то что не мог бросить порно что решил что лучше сорвусь на траву чем на эту конченную хуйню в итоге сорвался на все. рад что быстро отошел и не отплыл в депрессию и опять продолжил. вот 7 день вроде или какой отлично с таким компромиссом все норм. стал немного чувственее к тебе из-за отказа но говорят с ппривычкой прорйдет"",""author"":""Grinch""},{""id"":1779787044227,""date"":""14:17"",""text"":""вообщем все налаживается потихоньку. перестаю печать и илу щзаниматься делами люблююююююююююююююю так люблю боже все "",""author"":""Grinch""},{""id"":1779825442219,""date"":""22:57"",""text"":""почему на определенное ответить нельзя, исправляй."",""author"":""Cindy""},{""id"":1779825543849,""date"":""22:59"",""text"":""Ладно, уже все хорошо, я даже не вспоминаю о тоом, и ты забудь. Хорошо, что все становится лучшееее, я рада "",""author"":""Cindy""}]",2026-05-25 16:37:16.656224+00,"[""Cindy""]"
7679a598-8c03-449c-957a-14d8d63a5a4e,"Пьяную любовь держи, задыхаемся во лжи","Что-то гложет и бежит,  а мы с тобой где-то лежим..


Много писать не буду, настроения нет, все раздражает.

Ничего интересного за день не было, день сурка) Переписала недавно текст по французскому, щас еще другие повторю и спать пойду.
Смотрела на фоне мужское женское, отвратительное. 
На завтра поставили мероприятие какое-то, не пойду, в тот раз хватило, и выезжать раньше придется, так что не хочу, поеду только на одну пару. 
Телефон зарядила, на ночь хватит, под будильник проснусь в душ схожу сразу, чтобы проснуться, а не лечь обратно, как обычно.

не отвращение, просто не принятие.
спорить сил нет, уже который раз



— Я задремываю и просыпаюсь в каком-то месте
Не представляя, как я туда попал
— Не надо нервничать
— Очень прошу, пропишите мне что-нибудь",Cindy,16 июня 2026 г. в 22:45:21,🌸,1,false,"[{""id"":1781657208978,""date"":""05:46:48"",""text"":""Сине красный Туинал "",""author"":""Grinch""},{""id"":1781657233875,""date"":""05:47:13"",""text"":""Малиновый как помада Секонал"",""author"":""Grinch""},{""id"":1781657273755,""date"":""05:47:53"",""text"":""Зачем смотришь, Если неприятно?"",""author"":""Grinch""},{""id"":1781657512909,""date"":""05:51:52"",""text"":""Я рядом же Поль, Пиши если тебе плохо, Мы побудем вместе"",""author"":""Grinch""},{""id"":1781661622699,""date"":""05:00:22"",""text"":""Все равно интересно)"",""author"":""Cindy"",""replyTo"":{""id"":1781657273755,""text"":""Зачем смотришь, Если неприятно?"",""author"":""Grinch""}},{""id"":1781669844149,""date"":""07:17:24"",""text"":""Да ладно, пройдёт"",""author"":""Cindy"",""replyTo"":{""id"":1781657512909,""text"":""Я рядом же Поль, Пиши если тебе плохо, Мы побудем вместе"",""author"":""Grinch""}}]",2026-06-16 19:45:30.560913+00,"[""Cindy""]"
79d3d274-55df-4701-8344-0576eda0e683,Глазки открываем,"Давно сюда ничего не писал , Прости (( Просто я 70% своего времени провожу на таком же сайте , И немного в тягость сейчас это делать. Скорроо пройдеет

Также хотел сказать , Что как только просыпаюсь , Сразу думаю о тебе. У меня с подушкой и одеялом уже небольшой роман , И это все ты !! Вот..

Еще ты невероятно красива , Полин. Правда , Мне так нравится твой носик , Глазки , Губыы лооббикк все всее.. После того как вижу себя на яву или во сне думаю потом дня три , Образ в головее !!

Спассибоо большоее правда , Не знаю поль подсознательно я только и хочу что просить у тебя фотографий и смотреть какая у меня чудесная девочкаа , Ноооооо реальноо остаюсь рационален плывуу потоом поэтомууу ХАХАХА только по праздникам награждай меняя !! Хочу заслуживать любое твое действие..

Мы говорили на сеансе о чем-то похожем. Она сказала что это от того , Что я не считаю что заслуживаю любви. Поэтому постоянная тяга к тому чтобы быть идеальным меняться стремиться мол если не буду - Бросяят. 

Не знаю способен ли я осознать сейчас эти слова , Но я не могу сказать что я боюсь что ты мен бросишь.. Я очень доверяю тебя , И у меня нет даже мыслей по этомц поводу сомнений что что-то такое может случится , Ты невероятно хорошаяя , И спасибо большое правда боже.. Что ты начала выражать свою любовь словами котеночек , Это убило во мне любые сомнения и желания к ссорам))

Я очень ценю все проделанные тобой шаги , Полиночка.. Так всее тепперь о моих !!

Щас 10-00 , Кушать пока не буду. Включу музыку , Напишу задачи на сегодня приберусь и будуу делаать.  Я столкнулся кстати с ощущением странным , Не вспомню термина в психологии.. Вообщем мне кажется что я делаю все достаточно медленно. За вчера как я помню я сделал 4 экрана из 6 , Логику придумал , Ее прописал исправил все баги , Но все равно сижу и думаю мало как-то..

Знаешь этот эффект мозга просто конченный. Вот это как в отношениях бывает. Тебе скинули перввую фоточку , Ты слезно радостно поблагодрил человека раадовался скинули вторууюю или сказали люблю раз два три или вообщем ты поняла ты перестаешь в это вчитываться и эти действия тебе кажутся абсолютно норммальными. 

Ты высокомерно уже считаешь что это обычный день твоей жизни. Это кстати решается сфверх фиксацией я читаал и мне очень помогает. Я ни в коем случае не хочу обесценить твое люблю ценю или еще что-то , Поэтому каждый раз вв голове делаю акцент как мне приятно от этого , И стараюсь сам не осыпатьь такими словами при притоках нежности дабы тебе не пришлость отвечать взаимностьюю чтобы не было неловкоо ))

Вообщем ту работу что я делаю за день , Люди делают за недели две с командой. Но меня все равно слегка гложет , Ибо нц правда могу быстрее воот сегодня попробуюю

Блин мне реально дай слово я пишу книгу целуюю (( КАПЕЦ блин я только отвожу взгояд от клавиатуры и там красный приятный фон твое личикоо язычокк глазкии так что ты не только в моем сердечкее получаееется )) Все уччиться !!

Позавтркай !! Фото тарелки в тг !!
Кстаатии стойй ну насчет психолога !!

Я дуумааюю стоиит сказать. Вообщем у меня все очень хорошо , Все спало , Агрессия стала появляться только в периоды дикой утомленности и сопровождается всегда болью в голове поэтому я пока чисто физически не могу ругаться. Процесс чтобы любая агрессия закрепилась как негативный а не приятный фактор. Насчет  эротоманиии , Ну.. У меня пропало любое желание контролировать тебя сверхсильно. Мне не нужен пароль твоего телефона , я не установил удаленный доступ тебе на телефон , Не посещаю каналы подружек . Это все решилось нашим доверием друг к другу , И я не испытываю желания сталкерить тебя. Думаю часто , Но эти мысли приятны и лассковы , Они не мешают мне жить или состредоточиться на чем-то.

Насчет парафилии. Тут все тоже сильно спало , Из-за детокса в 19 дней любая тяга сильно спала , Но постоянно ломки какие-то от орагнизма , Это неприятно. Она сказала что формироваться это будет очень долго , Нужно приучивать мозг к новому , Закреплять рецепторы удовольствий тем с чем я хочу жить ,  И за 6-12 месяцев избавлюсь от всех навязчивых мыслей. При работе сексолога , И отсутствием срывов , Разумеется ((

Насчет нестабильности в настроение , Тут все очень угаслооо )) Мне очень помогает музыка при любой грусти , И я чаще радуюсь за день чем грущу )) 

Ну и нарцицссизм. Нуу не знааю правдаа. Я началом терапии у меня очень повысилась самооценка и мне стало казаться что это стало первым поводом не ревновать тебя или еще что-то. Жизнь свою обрел , Просто на первых этапах нашего общения я 24 часа думал о тебе представлял тебя я ничего не делал вообще ) А сейчас ХАХАХА нееет дураа я все такжее думаааю) Ноо это уже никак не мешает ничему и дикаяодержимость страх потерять в любовь превратилосьь

Насчет таблеток - Все также пью , По тем же дозам. Сказала бросать не будет по причине того что курил в основном , Может спровоцировать желания срыва. Так что по прогнозам я до конца этого года лечусь , И если не будет срывов в курение и на фантазии , То все шикарно и я свободен от оковв..

Не будет , Котеночек. Я очень тебя люблю , И при каждом желании того или иного думаю стоит ли это того. И всегда быстро убеждаюсь что важнее твоего присутствия рядом , Ручки что держит мою , Улыбки и смеха , Твоего счастья - Для меня неет ничегоо , Правда. 
Все , Теперь точно пойдуу мууууур ",Grinch,7 июня 2026 г. в 10:29:16,🌿,2,false,"[{""id"":1780815590883,""date"":""09:59:50"",""text"":""Да ты умничка, люблю тебя))"",""author"":""Cindy""}]",2026-06-07 05:29:18.638496+00,"[""Cindy"",""Grinch""]"
7a3f0745-d51b-4e52-b247-cf3098d1e6df,Мы разные,"Та да, уснул. Подышал мне в ушко))

Ну не выключала я, если что, уснула. Проснулась часа через 4, легла обратноо, не понимала, что мне снится, как будто в бреду я😦
Пару раз проснулась уснула, вот. Сейчас встала, шея ужасно болит простоо, я не знаю как мне спать блять, чтобы не болела, что за бред.

Не хочу вставать и ничего делать😔 ",Cindy,14 июня 2026 г. в 11:13:46,🌿,1,false,"[{""id"":1781459416801,""date"":""22:50:16"",""text"":""Старайся без подушки, Одеялко скрути аккуратно, Тонко, Напрягаешь ее просто"",""author"":""Grinch""}]",2026-06-14 08:13:46.71914+00,"[""Grinch""]"
8654430f-d2ab-433e-ae56-118ccaeb7607,"Вы кто такие я вас ","О привет где я.. А я на луне ооо..
ЯЯЯяЯяя день прошел очень нысыщенно очень ярко и я даже не знаю с какой детали начать.. первый час я спал, третий спал, седьмой спал спал и спал.. потом встал и написал полине баллерине она была слегка грустненькой сильно плакала но мое мужское плечо ее успокоило. кто бы сомневался ха ух да аа

и не знал, что услышу люблю вот так.. и я люблю!!!! и скучаююююююююююю бляьть мее енедуобно пмсать нажуй затекла рука на подушке извинись срочно",Grinch,19 мая 2026 г.,❤️,1,false,"[{""id"":1779215948138,""date"":""21:39"",""text"":""сам извиняйся"",""author"":""Cindy""},{""id"":1779342092230,""date"":""10:41"",""text"":""прости меня, поль"",""author"":""Grinch""}]",2026-05-19 17:43:17.19519+00,"[""Cindy""]"
94232d38-a239-4785-98ac-d148d619cf7d,КАК ЖЕ УЖАСНО С ТЕЛЕФОНА ААА,"смотрю в камеру только два ночи моя кошечка и не могу за ПК сесть глаза невероятно боляь нужно поспать еще но сонтзаеишу тебе и лягу

вообщем отвратительное такое принислось, по-моему я каждый день теперь плакать буду. я помню только такие моменты. я в глухой тайге в лесу, и рядом кто-то. выдуманная младшая сестра которой у меня нет. мне настолько плохо там, насколько ужасно и страшно, что не знаю, я просто захлебываюсь в своей депрессии, страхе, полная ночь часа 2, ещё и миллион вещей типо нутстрашныц лес необычный хоррор какой-то. и почему то день. мне настолько ну ужасно говорю видимо я плачу уже режу себя чем только найду от боли что испытываю, что ловлю комара какого-то тоесть я вижу как он летает передо мной и я говорю на камеру типо укус его даже просто прикосновения приводит к таким глубоким последствиям и смерти , неизвестно насколько быстро но, и вот он садится я ему позволяю и сразу прогоняю мне на руку правую. кисть. 1.2.3.4.5. рука начинает щипать. а голове кружится, я стою посреди джунглей, мне и так настолько плохо что я ели стою ножки подкашиваются везде обрывы ядовитые пауки насекомые звуки такие и я чувствую что вот сейчас мне настолько мерзко что ну все я умру я никогда не чувствовал себя хуже у меня слезы ручьем я даже сказать слова не могу умоляю чтобы это прекратилось и вообщем мне настолько отвратительно и тяжело что я просто в этот момент думаю вот обрыв спыгну сейчас с огромной высоты не могу пытаюсь идти туда. сестра просто ветпет сидит ей тоже на глазик сел такоццц комарик укусил даже но она видимо кайф поймала какоцтооо ходила сама по себе в лесу идиоткаа реальноо ну и вот вообще типо я же не понимаю что это сон реальноо у меня и слезы и состояние и вот настолько плохо что умереть умолял просто умереть сейчас спрыгнуть и не чувствовать. далее шизотепчетскиц бред как под высокой температуроц бывает просто конченный. я что-то очень тихо шепчу, сел, не понимаю что, чувствую что я не свой кровати, но как, я же в лесу !! мне невероятно холодно, зыбко, я укрылся одеялом но так как сижу очень плохо и укрыл только плечи а коленочки лицо шея все очень замерзло. я сел днем, что-то говорю говорю, просто уже отчаянные слова просто жду пока умру от этого комара, открываю глаза а я на кровати своец сижу и одновременно в лесу, тоесть лес страшныц глухой и моя кровать. смотрю в сторону двери, вижу монстра какого-то,и настолько страшно что просто начинаю на высоких тонах с ним говорить. мне показалось я сошел с ума, я не понимал что я делаю. я, оказывается медитировал сидел часов 19 подряд что-то говорч себе, и вот увидел монстра , и у меня настолько сильно начала чесатся левая рука что я проснулся. комар укусил )) умничка моя, я так благодарен ей что она вытащила меня из этого ада боже мой. я лежал под одеялом ручки весь окутан кроме лица, вся подушка мокрая я видимо плакал всю ночь, я не знаю, выключил сплит и решил написать тебе, но так щипят и болят глаза что не могу просто набираю в телефон по памяти почти полузакрвтвми. вот, лягу,в горле пересохло,очень хочу пить. чуть-чуть страшно,совсем чуть чуть. леры не было бы неверное словил паничку одному дому быть реально. если честно,я в моменты когда мне так страшно,ну. когда проснулся подумал о тебе моя девочка.. не знаю,у меня дороже тебя никого нет,и мне,так, обнять тебя зазотелось что я оказался не там а здесь,что ты рядом, зайка,спишь возле меня. люблю тебя.. если тебе трудно,не стоит говорить мне это в ответ,правда,просто позволь мне выражать тебе свою любовь словами и делами полиночка,я знаю что я нравлюсь тебе тв это показываешь как можешь так что все хорошо я невероятно ценю это.. каждое твое люблю ч не обесценил ни одно и сияю как маленький ребенок когда вижу такое.. даже не верится иногда что я такое заслужил лапоньку нежную хорошую божеее. тебя обнять очень хочу сецчас за руку взять прижаться чтобы тепло было.. асе котенок я спать не могу уже глаза открытыми держать до завтра.. люблю лчень,.. 

блтрнг у меня видимо температура,небольшая,не знаю холодно и жарко и я горячий весь капкц. сам себе жизнь эти сплитом порчу реально ((

говорю же блин,эта похоть мне уже просто надоела я даже спать не могу ждем ооккк!! 
вообщем,ну.. правда,я все также не хочу чтобы ты поддерживала со мной какие-то такие разговоры. для началоьмне нужно избавиться от всех зависимостей такого характера окончательно,далее встать на ноги обрести дела свои доход состояние,и только потом может быть если ты посчитаешь нужным ты можешь завести или поддержать такой разговор, опять же если захочешь. ты ничем мне не обязана,и я никогда не поменяю свое мнение. боже,я все нежнее и нежнее аааааа
знаешь,я тебе текст вчера набрал про это,не мог уже,хотел поделиться,в чем проблема.. у меня слегка по по-другому чем у всех выражается чувства желания. я когда хотябы чуть чуть заведен,я становлюсь очень податливым и нежным. я хочу говорить комплименты,ухаживать,целовать оберегать и делать все что она захочет,мне это приносит просто райское удовольствие то что она счастлива со мной,улыбается. у меня нет такого ооо желание надо сееекс ну нет. еще заметил,слушай,перед этим,прости если тебе неприятно слушать о таком,просто, правда мне очень тяжело одному с таким желаниемти такими мыслями. ты правда не обязана ничем и даже можешь не отвечать только слушай,вообщем ну мне по-любому нужно будет к сексологу обращаться через пару недель в связке с терапевтом,эта тема мне прям жить мешает,ну я постоянно хочу. и выражается это не злостью теперь так как таблетки податвлтют а дикой нежностью я хочу раслываться в человеке в объятиях в кляткве как люблю. вообщем я поцмал себя на мысле и минут 10 думал,не мог уснуть.
меня так заводит,что именно девушка решает когда и что. Прости,я не хочу твое имя озвучивать в таких сценариях ещё в чем-то потому что тебе может быть неприятно и поэтому я говорю девушка это не знавтт что я думаю о другой или еще что-то. вообщем сам факт,что.. я могу работать не покладая рук, заботиться о ней, ухаживать,неделями и месяцами,но она асе равно может сказать что нет,и я ничего не сделаю. то,что, последнее слово в этом плане всегда за ней. не знаю. правда,не говори со мной кис. мне очень неловко. даже не отвечай пожалуйста,я буду сидеть краснетьььь реальноо. клянусь я буду считать себя ужасным человеком если вот позволю что-то такое реально просто заговорить с тобой ради своего удовольствия пока мечты твои не исполнил полинка желания,прихоти,правда,я буду жестко карать себя за это,я считаю себя мужчиной, и считаю что мужчина а первую очередь должен оберегать свою девочку ее состояние исполнять ее желания а не пользоваться ец ради своего удолвооренрч.
вроде все. я правда. уф. хочу говорить какая ты восхитительная,и привлекательная. как мне нравятся все твои подколы, каждое слово сказанное в мой адрес,как ты грациозна и красива. зайка.. я хочу не спать если бы я только мог и работать бесконечно только бы ты довольна была и счастлива.. я реально совсееем текууу ужее головой я просто не мог уснуть пока не озвучууу. 
все сладких снов, правда,прости пожалуйста,если что-то не ьаак, реально,я работаю над этим и вот чуть чуть и таблетки пропишут когда окончательно убедвтьсч что с гневом злостью помогло,будем работать над желаниями такими и состоянием. я хочу чтобы ты знала полиночка я никогда никогда не поставлю свои интересы выше твоих,свое желание выше твоего. мне важен твой комфорт,твое состояние. можешь быть какой угодно,боже,ты мне так нравишься любоц.. все поленька меня отпустилоо вродее ахахах все! я спатенькиии!! наверное я утром отправлю это не читая и врятои буду ствдиться чего-то написанного тут,но сейчас очень неловкооо.. я правда хочу любой самой минимальной тактильности,просто чтобы меня погладили,волосы перебирали,правда меня беситт что ну покаа у меня и ручки такие нежные и волосы такие мягкие ааааа не можешь насладиться 😔 все поляяяяя.. ааххахах как мне теперь отсюда выйти блин! знаешь но в этом состоянии есть шаарм,потому что я постоянно хочу учиться и развиватьься. не знаю,не спать не есть не лечиться только становится лучше и твою жизнь улучшать я невероятно мотивирован я себя твоим рыцарем чувствую)) все поля всее
щас выложу это,а то утром проснусь и точно удалю,как всегда",Grinch,2 июня 2026 г. в 03:33:19,🥧,1,false,"[{""id"":1780373439643,""date"":""07:10:39"",""text"":""😕😕😕 Че за ужас, реально, что за ужас. Что то я так и не поняла, сон или медитация. Работай поменьше, а не 24/7🙄🙄"",""author"":""Cindy""},{""id"":1780373490961,""date"":""07:11:30"",""text"":""Ничего, сходишь, все будет хорошо. Я люблю тнбя"",""author"":""Cindy""},{""id"":1780378460254,""date"":""10:34:20"",""text"":""ой ну я сам мало что понял ("",""author"":""Grinch"",""replyTo"":{""id"":1780373439643,""text"":""😕😕😕 Че за ужас, реально, что за ужас. Что то я так и не поняла, сон или медитация. Рабо…"",""author"":""Cindy""}},{""id"":1780378488982,""date"":""10:34:48"",""text"":""я счастлив,поль"",""author"":""Grinch"",""replyTo"":{""id"":1780373490961,""text"":""Ничего, сходишь, все будет хорошо. Я люблю тнбя"",""author"":""Cindy""}}]",2026-06-01 22:33:20.398934+00,"[""Cindy""]"
952c951e-cfcf-4641-8b56-849c568c47f2,"А что ты будешь делать, если я завтра рассеюсь.. ","СУКА Я ЕБАЛА ТЕЛЕФОН ЭТОТ, ВСЕ, ЧТО Я ПИСАЛА СТЕРЛОСЬ. ЩАС. ИДИОТКА

Рассказываю сон:
Мы с Ариной шли на автобус за руку и иногда перепрыгивали что то, и в один из разов она меня потянула, пока я прыгала и я прям  оооочень высоко полетела аххахаха, но приземлилась нормально, я ей говорю ""ты чеее вообще""
Мы сели в автобус к передним дверям, там встретили девочку с нашего курса, обсудили что то и стоим. А около средне двери, там мальчики стояли баловались. И водитель не закрыл двери, а один из них держал за руку второго и крутил.
Я говорю Арине, что они щас вылетят с автобуса.... И тот, которого крутили вылетел и остался там на дороге, он прям мелкий
Водитель на меня посмотрел, че то спросил я ответила, смотрю на Арину  и такая, ну вот об этом говорить не буду. Но в итоге повернулась к водителю и говорю ""ну там короче пацан вылетел"".
Он резко вскочил, говорит, что пойдёт проверит. Вышел нас оставил, двигатель не заглушил и мы просто едем прямо. Как то остановились, врезались наверное.
А потом начинаются выстрелы в стекла, мы быстро все леглиии
И этот пацан, который стреляет, подошёл к нашей передней двери, где мы и пробил стекла в дверях. 
Ну я же гг своего сна, я начала забирать у него автомат его🙄, он мне ручки прострелил, может еще что то, но боли не чувствовала. В итоге его все остановили все норм, мы вышли с автобуса. 

Второй сон(это такой бред Ебаный):
Мы с Дашей(с моего уника) пошли в кино, не знаю на какой фильм

Сели, а слева девочки какие кто смеялись, я сижу смотрю, а они Даше говорят типо ""ой, а ты знаешь Архипа(это пацан со школы, с параллели) она им отвечает типо да, а где он??

А я смотрю назад, а он там сидит, смотрю на Дашу и начинаю ей махать головой, чтобы она типо не разговаривала с ними. Она в итоге садится рядом со мной И БЛЯ Я НЕ ПОМНЮ, ЧТО БЫЛО.

Но суть в том, что мы либо все громкие были, или смеялись или хлопали или что. И все из за чегооо
Какой то пацан на телефоне  подключился к колонкам и включил голос Сатирааа,
Тому, кто нам фильм включать собрался это все надоело и он у всех начал забирать колонки по принципу, к какой стране  они подключены..
Короче я не знаю, как объяснить это бред какой то


Ещё я встала в 9,но захотел поспать и проспала до 10 20(это все по твоим) ,ммм ну щас встану, соберусь. Спать хочетсяяя, может кофе выпью. Чем то поможееет(((
Я начну билеты сегодня перепроверять, делать. Надо по хорошему все доделать и блять мне по истории ФР ещё учить и по обычной истории презентацию делать, Ебаный пиздец.

Я начала писать капсулу времени, ещё пол месяца назад, но все стёрла. Мне не понравилось. И я не знаю как написать. Че то реально мммм, дай списать АХАХХАХАХАХАХ

Ну А вообще, мне так нравится сидеть с тобой до поздна, и как тогда до утра и вчера, нооо вчера решила включить адекватность!!! Мне же вставать надо. Вота

Про ревность, ну думать, что я вообще не ревнивая странно АХАХХАХА, ну так то реально не к кому и не к чему. А так, я раньше, в начале общения с Ярой, Блиин, я даже её к подружкам ревновала, мне правда так грустно от этого было)
Так что вот так, ну а когда я пишу тебеее типо, ну вот да ищи милфу, окей. А ну девочки будут тебе писать, на аватарки ставь себя, ну окей. Ну я просто как то понимаю, что ты этого не сделаешь, наверное????????????? ",Cindy,8 июня 2026 г. в 08:50:07,🌿,1,false,"[{""id"":1780927894698,""date"":""19:11:34"",""text"":""не идиотка"",""author"":""Grinch""},{""id"":1780927922138,""date"":""19:12:02"",""text"":""может тебе сценарии писать?"",""author"":""Grinch""},{""id"":1780927960434,""date"":""19:12:40"",""text"":""да я сам капсулу переписываю часто,было бы чем делиться"",""author"":""Grinch""},{""id"":1780928026123,""date"":""19:13:46"",""text"":""не сделаю,не сделаю,уже сдел.."",""author"":""Grinch""},{""id"":1780928116549,""date"":""17:15:16"",""text"":""Ну да, я так и поняла"",""author"":""Cindy"",""replyTo"":{""id"":1780928026123,""text"":""не сделаю,не сделаю,уже сдел.."",""author"":""Grinch""}}]",2026-06-08 05:50:07.766042+00,"[""Cindy""]"
958390c4-a6d7-4926-bcb6-83b0c39fa64d,"У тебя есть ронджровер нет у тебя есть вилла нет тебя послать или ","Кууууууууууу кууууууууууууу привет привет фанаты все привет оо даа мои очки сияют так ярко слепятт оо привететт

Доброе утро полиночка я начну с того что ты мне приснилась чтобы не забыть !!

Корочеее вообщем мы вернулись на неделю назад в моем сне где то... Вообщем  якак всегда пропаь зачеммм хзз на дня 3 там типо было 1 а здесь 3 и когда зашел от тебя было смс навернео 17. Потом я написал ответил и ты написала 4 больших текста

1 был про то что так делать нельзя и отношения так не строятся , мягко обьяснила что это все испортит и попросила больше так не делать

2 был про то как ты соскучиласьь такоее приятнооее большоее про то что испытывала ко мне испытываешь тяжело не тяжелоо там

3 был про то как твоя жизнь перееменилась с момента нашего знакомства более подробно

и 4 ты рассказала что у тебья нового как себя чувствувешь воооттт

рассказал вкратце потому что я теперь деловой и у парня не должно быть и минуты на рефлкксию !! слава феменизмуууууууууууууууууу !!!!!!!

вообщем вот. я хотел сказать что я очень скучаю , и переживаю за твое состояние (( насчет кино подумай еще если есть время полечка , ты правда заслужила отдохнуть (( от слова отдых !!

а чтобы запоминалась уфффффф блин полечка найди способ интересный а не зубриии поиграййй в актерооовв сама с собой мотивациюю там подняятььь

насчет стамотолога если зубки не болят то хорошоо

впн нет мне неловко если ды так я бы хотел себе миллиардера отца и жить за его счет но я всего хочу сам добиться и даже впна !!!!!!!!!!!!!!!!!!!!!!!!!!!!!!!!!!!! пов я после того как принял яндекс плюс ойоойо

насчет истерикк уф(( сочувствую (( прости что не рядом ни физически ни даже так (( я обязательно все искуплю самыми вкусными блинчиками тебе на завтрак лазанью научусь готовить и вообще отходить от тбея не буудуу !!

раз родители уехали я могу набрать если ты хочешь к вечеру 

все зааайкаааа я желаю тебе очень хорошего и доброго дняяя !! не забывай отдыхать и дышать !! не нервничайй ничего в этом мире не стоит твоих нервов правдааа. ты прекрасна !! я всегда рядом правдаа пиши говори я с тобой поль мурррр",Grinch,30 мая 2026 г. в 08:23:40,🌿,1,false,"[{""id"":1780114444997,""date"":""07:14:04"",""text"":""Ну послушай Полину из сна"",""author"":""Cindy""},{""id"":1780114511156,""date"":""07:15:11"",""text"":""🙄🙄🙄 Боже, самостоятельный что ли дофига"",""author"":""Cindy""}]",2026-05-30 03:23:43.386662+00,"[""Cindy""]"
9a193905-3fd7-4cba-800a-d22112d96fd0,"нк знаб уде ","0.08 не понимаю что за неудача такая. не понимаю за что такие приколы, это правда в момент очень страшно. сплю, просыпаюсь от сильных ударов, громких. ну встаю, не понимаю ничего. еще, еще, хлопает. ну еще фонарик не работает, в темноте пошел, два окна были открыты и по очереди бьют, решетка окно треснула, ветер поднялся. я опять сегодня не высплюсь, проклятие какое-то началось. 3 дня лето, и три дня такого издевательства. может правда проклят

3.17 я поругался с родными, очень сильно, и в час ночи собрал свои вещи и попытался уйти домой. понимал, что колючей у меня нет денег на машину тоже дороги не знаю и пошел пешком куда помню. заблудился замерз проснулся от того что очень холодно 

7.40 был в школе у кого-то пропала книга по истории, это всем озвучили и начали странные поиски обычно так не делают ну сон же. на следующий день была контрольная и у девочки с моего класса не было книги по алгебре ну я единственный предложил свою я на уроках никогда ничего не пишу и книгой ручкой тетрадкой не ползуюсь. она поблагодарила. на следующий день она говорит что книгу по истории забрал я потому что я так легко отдал ей книгу по алгебре (аргументация у моего мозга блестящая) ну в целом мне глубоко по.. ну а во мне я решил устроить цирк что мне обидно ну и позорить ее перед классом мол вот я тебе помог а ты такое говоришь пойдем ко мне домой вместе поищем на камеру ну а потом за нее вступилась учительница которая меня очень не любит потому что я сказал что сочувствую ее мужу с словами ну ульяночка ты же знаешь кем работают его родители что тут думать ну я просто сам не знаю кем работают мои родители ну мама никем папа краном управляет причем тут воровство непонятно но я проснулся и не успел спросить что это означало мой мозг переиграл сам ляпнул понял что бред а сразу проснулся хаха 

ввлоющеи я опять не выспался сегоднч 3 дент уже правда не везет что-то. голову трудно поворачивать болит сразу глаза тоже моргать достали сны уже ",Grinch,3 июня 2026 г. в 12:41:44,🌿,1,false,"[{""id"":1780472881273,""date"":""10:48:01"",""text"":""(((ну отдохни сегодня тогдаааа"",""author"":""Cindy""},{""id"":1780472898732,""date"":""12:48:18"",""text"":""ну меня больше асего восхищает твоя гибкость в плане зарактера как ты быстро и уютно подстраиваешьсч под человека как быстро начала смотреть фильмы говорить люблю заботиться ну я таю прям правда.. вот такая черта больше всего "",""author"":""Grinch""},{""id"":1780472925060,""date"":""12:48:45"",""text"":""у нас задание в печеньках просто"",""author"":""Grinch""},{""id"":1780472934429,""date"":""10:48:54"",""text"":"")))"",""author"":""Cindy""},{""id"":1780472955550,""date"":""10:49:15"",""text"":""Я не подстраиваюсь под всех)"",""author"":""Cindy""},{""id"":1780473000095,""date"":""12:50:00"",""text"":""я знаю солнышко поэтому и ценю очкнь "",""author"":""Grinch""},{""id"":1780473441830,""date"":""12:57:21"",""text"":""хочу быть честен за ночь очень соскучился достали сны. состояние такое что сорваться хочу очень дофамина не хватает мозгу,не знаю. лежу ищи причины не делать. очень непричтно"",""author"":""Grinch""},{""id"":1780473503057,""date"":""10:58:23"",""text"":""Тик токи посмотри🙄🙄🙄"",""author"":""Cindy"",""replyTo"":{""id"":1780473441830,""text"":""хочу быть честен за ночь очень соскучился достали сны. состояние такое что сорваться хочу…"",""author"":""Grinch""}},{""id"":1780473511170,""date"":""10:58:31"",""text"":""Вот и дофамин тебе"",""author"":""Cindy""},{""id"":1780473631603,""date"":""11:00:31"",""text"":""Я запретила, чем тебе не причина"",""author"":""Cindy"",""replyTo"":{""id"":1780473441830,""text"":""хочу быть честен за ночь очень соскучился достали сны. состояние такое что сорваться хочу…"",""author"":""Grinch""}},{""id"":1780575217807,""date"":""17:13:37"",""text"":""Причина , Не буду"",""author"":""Grinch"",""replyTo"":{""id"":1780473631603,""text"":""Я запретила, чем тебе не причина"",""author"":""Cindy""}}]",2026-06-03 07:41:45.127392+00,"[""Cindy""]"
9b240566-6196-4631-b4e7-23f4fadf7968,#кукловодманипулятор,"Засыпать за минуту, ода люблю, и тебя. Ну я не виновата))))) ну ладноо, нравится засыпать с твоим чатом в руках

Я встала без будильника, уже второй раз помоему, до 7 причем, не знаю каким образом, если я оч сильно спать хочу.
Сегодня с Мирошкой контрольную пишем, нужно пораньше приехать.

Все, не придумала, что писать. У меня пусто в голове и я хочу кушать((
осталось 16 суток до рокового дня...

Света написала, что попробовала спать на спине, и у нее начали геометрические кошмары и еще какая-то хрень. Я постоянно на спине сплю, бывает лежать просто на спине неудобно, а спать удобно. 
Но геометрические кошмары, короче. Они были у меня, когда я была младше и помоему не один рааз, не помню, страшно ли было, но, наверное, неприятно.Но я бы хотела еще раз такое испытать, именно сейчас, вспомнить. А сонные параличи на спине, у меня ни разу не было , но их не хочу, это слишком страшно. Да и геометрические тоже на самом деле чуть чуть страшно, потому что выйти из них не знаю как(( закрытие глаз не помогает.

Да и вообще, просто показывайте мне сны, реально, любые, даже страшные. Мне всегда либо снится какое то преследование и что то стремное, либо что-то странное, прикольное.
Разнообразие жанров где:(
",Cindy,10 июня 2026 г. в 08:10:16,❤️,1,false,"[{""id"":1781082455145,""date"":""14:07:35"",""text"":""Хорошо терпим до следующего месяца от моего больного воображения все таки есть польза !! Устрооимм тебее сныы"",""author"":""Grinch""}]",2026-06-10 05:10:13.779018+00,"[""Grinch""]"
9b856d2c-d4e2-41cc-9500-0a8fdeae3c7e,Редбуууул окрыляяяеет,"Опяять собака лаает сукааа ОТСТАНЬТЕЕЕЕЕЕЕЕЕЕЕЕЕЕЕЕ

Вообще 4.56 моя кошечкааа я так тебя люблюю божеее мне так хорошо с тобой особенно по утрам таким ранним боже (( я так хочу рядом быть с тобооойййййй простоооо ужассс (( меня бесит что свою нежную кожу и волосы трогаю только я !

Обделяяюю тебяяя.. Вообщемм да последнее время болит голова и да заболел заложенный второй день и мигрени постоянные блин.

Не знаююю зайкаа ничеего не знаюю.. Хочу столько сказать но голова болит все чащее и чащеее тяжеелоо думаатьь. В

Насчет планноов завтрашникхх !!!!!!!!!!
1) НУ БОЖЕ Я ХОЧУ ЗАКОНЧИТЬ УЖЕ ЭТУ ПИРАТСКУЮ ЭРУУУУ РЕАЛЬНОО ПРОСТО ПОСТОЯННО ЧТО ТО НЕТООО

2) ВОДЫЫ НУЖНО ПИТЬ ВОДЫ ВОТ И НЕ ДАЙ БОГ ЗАВТРА НЕ ПОМЕДЕТИРУЮ

3) НАСТРОИТЬ ИИ ДЛЯ РЕДИТА И ТВИТЕРА ИБО МНЕ САМОМУ ЛЕНЬ 

Вооотт. Я не знаю что делать с этим желаниемм обнятьсяя с тобойй.. Я так хочу лечь сейчас чтобы ты мне приснилась мое солнышко боже мой. Я ни на капельку не угасаю ни к тебе ни к нашему счаттливому будущему ни к тому чем занимаюсьь

Полиночкааа иии ну я не считааю тебя глупоой блин совсем правлдаа. На всякийй говорюю а то ужее может превратиться что подсознательноо начнеешььььь

Знаешь я пока тестировал эти вопросики там был вопрос что вас раздражает больше всего в пашем партнере.. Я реальнооо думал думал и только сейчас нашел ответ. Меня раздражает твое неверие в себя , Полиночка , Правда , Я со стороны вижу какая ты заботливая милая умная и красивая девочка , А ты так постоянно о себе отзываешььсяя ужасноооо ыыы ы тупая  ыыыы реальноо дураааааааааааааааааааааааааааааа

Ну не так этооо КАК КРАСИВО НА УЛИЦЕ БОЖЕ ЩАС.Всеее я не знаю что еще сказать Польь. Я бы все отдал за возможность оказаться с ьобой рядом в нашем милом домикее ранним утром.. Поль , Я никогда не устану заботитться о тебе и любить тебя , Это единственное что мне по настоящему нравилось делать за всю мою жизнь .. )) И ты стала мне самым родным и близким человекомм

Вот даже сегодняя я сдержался и на тонком состоянии не устроил скандал какой-то и ты так нежно меня поддержала поговорила обсудилии.. Все я не знаюю лягууу. Я пррсоо смотрю в окно сейчас и мне так.. Хорошо осознавать что ты у меня есть..",Grinch,8 июня 2026 г. в 05:13:30,🌿,1,false,"[{""id"":1780891653446,""date"":""07:07:33"",""text"":""Меньше сплит включать надо, доставал болеть, промываалку в нос себе купи. С головой я не знаю, что делать, у меня также(("",""author"":""Cindy""},{""id"":1780891827215,""date"":""07:10:27"",""text"":""Ты дураааа ыыыыыы. Люблю тебя, дуру"",""author"":""Cindy""},{""id"":1780928079314,""date"":""19:14:39"",""text"":""дыши глубже,и ходи"",""author"":""Grinch"",""replyTo"":{""id"":1780891653446,""text"":""Меньше сплит включать надо, доставал болеть, промываалку в нос себе купи. С головой я не з…"",""author"":""Cindy""}},{""id"":1780928091453,""date"":""19:14:51"",""text"":""и я тебя поль"",""author"":""Grinch"",""replyTo"":{""id"":1780891827215,""text"":""Ты дураааа ыыыыыы. Люблю тебя, дуру"",""author"":""Cindy""}}]",2026-06-08 00:13:31.787243+00,"[""Cindy""]"
a279cfbc-a9e3-4e09-a105-c7f5f18f030a,Ну смотря какой fabric,"Ну проснулась как обычно в 9(по твоемуу), честно, уже даже не помню че то, что делала утром.
Было 3 пары, хорошо прошли, правда я почти все в телефоне просидела, ноо я все равно и слушала 2 в одном.
Домой приехала, котика накормила, сделала фонетику, французский почти полностью, сейчас напишу, историю буду смотреть до 1- 1.30 не знаю, на сколько хватит.

надо стараться все успевать че то, не знаю, тяжело. Реально нервы из-за этого.

go little rockstar.",Cindy,22 мая 2026 г.,❤️,2,false,"[{""id"":1779441415596,""date"":""14:16"",""text"":""не нервничай (( все успеешь"",""author"":""Grinch""}]",2026-05-21 21:16:15.292132+00,"[""Cindy"",""Grinch""]"
a45ccb88-9415-4d4e-87ab-89bb24cafbd5,Око за око или как там,"Захотелось ответить взаимностью, Было невероятно приятно читать твои истории и сопереживание, Мысли. Ты ночью такая искренняя ))

Мне очень понравилось просыпаться в шесть утра. Встаю ровно в 6:30 без будильника, Какой раз убеждаюсь что проблем нет, И все надумываю себе сам..

Насчет вчерашнего состояния. Стресс небольшой по поводу смены обстановки и привычек, И сон в пять часов. Физически начала болеть голова, Было тяжело контактировать с реальным миром, С тобой. Прошу прощения, Я сам замечаю что я не шибко активен и интересен, Как не многозадачны мои ответы. Просто что-то отвечать все равно приходится и в таком состоянии. Сейчас все в порядке 

Сон правда лечит любые беды)) Сегодня планирую самый активный день за неделю, И может за месяц. Чувствую себя невероятно хорошо, Выспался, Температура тела приятная, Все карты совпали, матрицы!!

Очень хочу закончить то что начал, И надеюсь до нашего числа я уложусь. Первый опыт, Обжигаюсь на перфекционизме, Вечно переделываю, Из-за этого получается очень долго.. 

Все фрау моя, Доброе утречко)) Пей водички по утрам, И сладкое старайся кушать в первые минуты пробуждения, Биологически по состоянию очень помогает! Фрукты желательно, Или чай сладкий.

Про завтрак не забывай, Хотябы чуть-чуть, Поляя!! 
Давай, Обнимаю ",Grinch,12 июня 2026 г. в 07:21:09,🌸,1,false,"[{""id"":1781239798493,""date"":""07:49:58"",""text"":""Хэээ, а я в 7 встаю без будильника 🤓"",""author"":""Cindy""},{""id"":1781239843061,""date"":""07:50:43"",""text"":""Хорошо, давай, активничай, работай, учись, я тоже буду."",""author"":""Cindy""},{""id"":1781239859933,""date"":""07:50:59"",""text"":""Ну если не успеешь, ничего страшногоооо"",""author"":""Cindy""}]",2026-06-12 02:21:11.089076+00,"[""Cindy""]"
a6eaed24-c092-4713-928d-1059c6d161aa,Симпл димпл нет !!,"Привееееетиккк Полинооооочкаааа !! Если честно , Сам не понял куда дел 80% дня. Ни фильмы не смотрел , Не играл. Опять настроение сильно прилегло из-за впна , Ведь начиная с 15 дня продуктивность все падала ведь ничего не работало на серверах , Вечно какие-то автоподключения и тд. Также у них со стороны сервера были проблемы , Но все равно слегка расстраивает. Какую-то небольшую работу сделал , Но опять критично мало и самооеее неприятноее не потому что не хотел или не мог - а опять из-за региональных и сетевых проблем. ((

Как у тебя день прошел ?? Как настроение , Самочувствие , Кушала ??",Grinch,29 мая 2026 г. в 22:01:48,🧸,1,false,"[{""id"":1780074526655,""date"":""22:08:46"",""text"":""Полечка прости но я даже сюда зайти не могу реально мне каждые 30 секунд приходится искать сервер и ждать по пол часа чтобы отправилось (("",""author"":""Grinch""},{""id"":1780074826559,""date"":""20:13:46"",""text"":""(("",""author"":""Cindy""},{""id"":1780074838943,""date"":""20:13:58"",""text"":""да ладно, я тоже ничего не сделала сегодя"",""author"":""Cindy""},{""id"":1780074854896,""date"":""20:14:14"",""text"":""никак не прошел, нет настроения, кушала"",""author"":""Cindy""},{""id"":1780074918919,""date"":""22:15:18"",""text"":""(("",""author"":""Grinch""},{""id"":1780074945247,""date"":""22:15:45"",""text"":""полечка"",""author"":""Grinch""},{""id"":1780074988455,""date"":""22:16:28"",""text"":""я спать лягу чтобы лишний раз настроение не усугублять еще хуже. будем надеяться что завтра все будет получше ))"",""author"":""Grinch""},{""id"":1780075072918,""date"":""22:17:52"",""text"":""приятных сновидений солнышкоо !! не сиди до поздна !!"",""author"":""Grinch""},{""id"":1780075127176,""date"":""20:18:47"",""text"":""Че у меня сообщения удпляются ээээ"",""author"":""Cindy""},{""id"":1780075162590,""date"":""20:19:22"",""text"":""спокойной ночи, сладких снов"",""author"":""Cindy""},{""id"":1780075249375,""date"":""22:20:49"",""text"":""серлечко"",""author"":""Grinch"",""replyTo"":{""id"":1780075162590,""text"":""спокойной ночи, сладких снов"",""author"":""Cindy""}},{""id"":1780075371874,""date"":""20:22:51"",""text"":""))))"",""author"":""Cindy"",""replyTo"":{""id"":1780075249375,""text"":""серлечко"",""author"":""Grinch""}}]",2026-05-29 17:01:57.646753+00,"[""Cindy""]"
a8807da0-c2ca-40c1-add5-3eccd4a44319,А мемов сегодня не будэ,"Да и записи тоже не будет. Я иду спать 23:04. Писать не знаю что, мысли только о том, почему я не могу справиться за неделю, если по факту могу так то. Меньше в телефоне сидеть надо!!!
К зимней сессии 13 билетов, несколько текстов на французком выучила же, щас тоже смогуу даааээ.... неетт...щас дел больше.....

ВСЕЕЕ если не сделаю - хуесоска.

27.05.2025  1:09 
8 день уже да без зависимости, горжусь, умничка. Ты тоже делаешь, я тоже делаю, договор. Люблю, сладких снов. 
Утром поешь да, не раздражаай ",Cindy,26 мая 2026 г.,❤️,1,false,"[{""id"":1779866516242,""date"":""12:21"",""text"":""буду мешать всем возможным образом сделать задачи"",""author"":""Grinch""},{""id"":1779866707422,""date"":""10:25"",""text"":""себе мешай"",""author"":""Cindy""}]",2026-05-26 20:10:45.396909+00,"[""Cindy""]"
b0c091ac-74e9-4cf7-b803-378ff9a89d28,"Не буду я мемы играть ","Салюют, Буду краток ведь что-то не очень хочется сейчас говорить, В целом.

Проснулся очень сладко, Наверное опять уснул с тобой на ушкааах.. Из-за скорости интернета немного не укладываюсь в сроки, Прости, Очень постараюсь. Пока правда не знаю

4 День вот, Посещает желание, Но обещания мои, Библию перед кроватью поставил, И отлегает быстро. Не скажу что очень тяжело, Главное пересилить первый порыв желания просто посмотреть, Открыть и увидеть. 

Готовлю себе сам стою, В фартучке, Пахнет вкусно таак, С музыкоой ещее. Вот, Спасибо за такие звонки, Люблю их очень, И тебя, Люблю",Grinch,14 июня 2026 г. в 12:13:35,🌿,2,false,"[{""id"":1781424527457,""date"":""11:08:47"",""text"":""Умничка, и я люблю"",""author"":""Cindy""}]",2026-06-14 07:13:38.145654+00,"[""Cindy"",""Grinch""]"
b47a59ca-0ea8-4003-bdb9-f2c08964930e,"Ты укатил от меня на своем бентли, а я...","Ну все, я успокоилась. 10-минутная истерика(не из-за учебы, говорить не хочу почему), на этом хватит тутуту.
Ну сегодня такое, ужасно просто. На фонетике хотя бы сказали, что более менее норм говорю, спасибо блять. За диктанты 2 зато, лааадно, пофиг.

Пыталась выучить 4 правила, че то выучила, но блять забывается не могу, прошлые тоже уже. Щас буду перечитывать все и пересказывать, делать нечего уже, не знаю. Практику еще поделаю может, запомнится че то.

К стоматологу записалась, но только на 7 июня,а в кино отказалась идти, не хочется че то, может из за состояния сейчас. Договорились вроде потом пойти.

Соня писала(сестра), спрашивала приеду или нет, у них день города в Ярославле, думала приеду и пойдем хаха) ну ладно, ничего. Щас дела поважнее для меня.

Родители уехали, отдохну реально, отдохну спокойно поучу правила, надеюсь. 

Ну с тг впн давай, можно не с тг, найди какой нибудь, буду платиить(ну не за 10000000/мес), мне без разницы на каком сидеть, все равно на платном сижу))

поговорила с чатом гпт дааа, докатилась блять

мм, я видела сегодня парня с прической, которую ты хотел. Ну у него прямыее да, но он укладывает ее 100%, концы подкручивает",Cindy,29 мая 2026 г. в 21:03:01,🧸,1,false,"[{""id"":1780110471187,""date"":""08:07:51"",""text"":""доброе утро поля ))"",""author"":""Grinch""},{""id"":1780113861141,""date"":""07:04:21"",""text"":""Доброе утроо"",""author"":""Cindy""}]",2026-05-29 18:03:01.539748+00,"[""Grinch""]"
b76d27fc-cd73-40e0-8388-756adc87fb90,"И кузя и пчеленок и мила, все сдо...","ЯЯ встала в 11(по твоемуу), полежала,сон вспоминала, потом решила все таки встать. 

Поучила слова и пословицы по латыни чуть чуть, написала 6 времен, буду учить потом и дальше грамматику писать.

Потом в геншин решила поиграть, у меня все сломалось, ниче не хотело обновляться, ну ладно я все равно поиграла.

Начала делать французскиий, сходила на вб , потом бездельничалаааа.

Вечером Карим меня бросил и ушел спать, а я доделала французский И!!!!!

Скачала симс и.... удалила онс, мне не хватало места, а он весит 117гб блять.
Сегодня проверю может, работает или нет, вдруг все зря(((

потом перед сном смотрела историю про рюриков, фильм. Осталось еще 2 часа смотреть его",Cindy,21 мая 2026 г.,🌿,2,false,"[{""id"":1779340354716,""date"":""10:12"",""text"":""горжусь тобой, правда"",""author"":""Grinch""},{""id"":1779340354853,""date"":""10:12"",""text"":""горжусь тобой, правда"",""author"":""Grinch""}]",2026-05-21 04:53:21.769504+00,"[""Grinch"",""Cindy""]"
c20ba523-8647-4cc0-a684-07d16db425b7,частичка эскапизма,"пора завязывать с этим шапито на афоризмах. глупо капитулировать перед твоим милейшим языком и скатываться в банальное мещанство, забывая о фундаментальных столпах жизни и подлинном мировоззрении. если верить концепциям бабеля, люди говорящие на разных языках, обречены на ментальный разрыв, но наша дуальность, это прелесть а не проблема. мне хочется, чтобы ты росла духовно, а не губила разум думскроллингом и суррогатными историями про злых хозяев и бедных животных. дабы я не содействовал. это не нравоучения, а чистая рефлексия, не требующая твоей рационализации, лапочка

устроим традицию воздушных поцелуев? против таких у тебя нет внутреннего баррьера и стеснения?",Grinch,21 мая 2026 г.,🌸,1,false,"[{""id"":1779339373124,""date"":""07:56"",""text"":""Я подумаю над этим."",""author"":""Cindy""},{""id"":1779339388216,""date"":""07:56"",""text"":""Всем"",""author"":""Cindy""}]",2026-05-21 04:32:39.712768+00,"[""Cindy""]"
cc2f8904-a2f2-4a2f-ac1b-306933663ff4,Спасибо Карим...мой Карим.. мой коллега Кар...,"ЯЯ встала в 8, потом в 9:20, быстро как то собралась, села учила слова, чо то стишок писала, ну так мне он все еще не нравится, с гпт советовалась АХАХАХАХ

с Ярой на картах погадали чуть чуть, и поехала в уник со светой, жарко пиздеееец

отсидела 3 пары, за контрольную получила 3(это ебать ахуеть класс)

потом чуть не уснула на истории Франции, сделала там латынь и начала франц

Поехали с Ариной домой, купила мороженое, щас есть буду, а ты соси!!!!

ну в 7 мне вставать нравится, реально, не понимаю почему раньше так не делала, это крутоооо 

""А погадай на картах! Может судьбу покажет?
И звезды, в общем, думаю не врут... а если так - сказать не могут
Поэтому и верю им... вслепую... а почему же нет?
Зачем искать везде подвох, что так  не может быть.  Это все чушь. Ты веришь в глупость!
А ты? Ты поступаешь тоже так, лишь вспомни:

Край платформы. Слева - сталь и бездна, справа - шум толпы. 
Сигнал «иди». Шаг на полоски... Тормоз — в колодках. А в голове — обрыв?
Пилот ведет, а мысли он фильтрует? или сорвется под напором злых тревог?
Бродячий пес... ты руку тянешь, а он, оскалив зубы, смотрит на кусок. 
Заказ.Такси. Садишься. Стой. дорога разве через лес вела?
Кушетка у врача.... укол, таблетка, нож... ты веришь в то, что не уснешь?

И ведь они не скажут, что опасны... мир тоже же молчит.
Ты веришь в глупость, в чушь...  Так мы похожи, почему теперь не говоришь?""

cherchez la femme
шерше ля фам",Cindy,19 мая 2026 г.,🧸,2,false,"[{""id"":1779214887451,""date"":""23:21"",""text"":""главное чтобы тебе было хорошо...."",""author"":""Grinch""},{""id"":1779217342831,""date"":""00:02"",""text"":""можно автограф молю"",""author"":""Grinch""},{""id"":1779223978928,""date"":""23:52"",""text"":""Можно"",""author"":""Cindy""}]",2026-05-19 18:03:31.383123+00,"[""Grinch"",""Cindy""]"
d05d906b-3fb4-43a8-ba81-14d253f08b2a,пингвин идет в гору сосии,"вторая попытка записи короче первую удалил часов 4 назад 5 ладнооооооо. ну день начался хорошо но я очень мало занимаюсь собой в плане моральноом. прям невероятно(( совсем перестал медетировать, забываю говорить с тульпой, книги читаю малооо.. весь день в саморефлексии проходит и я каждый день беру новую философию за фундамент. сегодня вслух пришел к одной вещи

как я и говорил трава это недавняя пристрасть, а так я всю жизнь помешан на рукоблудие, в целом из-за высокого тестостерона мне всегда хотелось девушек, но из-за воспитания не мог переступить через себя, и девочки все такие тупые попадались, мне не хотелось заниматься сексом с глупой сорри привиреда

так вот нехватка любви все дела и никак не бросить, сразу в нервы жар злость вообщем у мужчин с повышенным с этим просто пиздец. и бросать я решил не потому что мне плохо, или еще что-то, просто в какой-то момент я понял что заводит уже совсем странные вещи. к слову, на обычный секс мне никогда не нравилось, даже не пробовал. поэтому не знаю насколько будет страдать моя женааа одааа

ну и вообщем после акта, я чувствовал себя как животное, буквально. доходило до того что после этого, я вставал и бежал блевать от того на что кончил. ну меня это очень сильно начало задевать в плане самооценки, и я понял что ну надо завязывать. и только сегодня понял, что не с тем борюсь.

нет чтобы ограничить тебя от жести, и заставлять привыкать мозг к чему-то более обыденному, я пытался полностью подавить любое желание близости. ну а так как тест высокий, и энергию деть некуда, естественно срыв - у мужчин с этим правда бзиги. мне всегда было интересно как это ощущают женщины, хотите ли вы вообще этого, насколько сильно. меня не интересует сам секc, а сам вопрос желание у женщин, я никогда не слышал от первоисточника, и даже приблезтельно не знаю. так что если не стесняешься, расскажешь

ну вот. понял что воздерживаться такая себе идея. да и не могу себе позволить такого, ведь с тобой начинаю вести себя совсем по другому. раннимость появляется, слишком активная любовь, склонность к твоим словам, и вечные намеки. ну такое, правда неприятно

может это терапия так влияет, может еще что, но будто вот впервые я нашел истину, и буду стараться ее придерживаться. как бы я сильно не любил все эти темы, мне очень приятно говорить о них, ведь это откровенность - то же самое что говорить о травмах, своем детстве. люблю деликатное. 

да и мне кажется, что такое стоит обсуждать с человек заранее. будет странно если мы проживем семь лет, и в постели ты узнаешь что меня заводят только кактусы и антилопы. но все равно есть какие-то рамки, не люблю.

теперь немного о восприятии, моего к тебе. я не знаю как ты это воспримишь, может тебе будет обидно, или наооборот станет легче, но я не готов к отношениям. я вечно хочу дружить, вот так. с подколами, очень близким контактом, и вроде мы пара и все делаем как пара, но при этом нет. меня само слово отношения уже напрягает. ведь пока ты мой друг - я могу говорить с тобой о чем угодно без угрызений совести, а если формально станешь девушкой - появятся рамки правила и барьеры. я правда хочу жить с тобой, приютить любую из твоих подруг, быть с тобой как парень, но в отношениях я себя просто не вижу. пока тяжело, может со временем терапия подлечит

насчет состояния. вообщем и целом, я невероятно злился пару часов назад, а сегодня мы поговорили и стало так легче. и рамки какие-то новые открылись, я узнал про твою семью, сны, и мне куда легче общаться с тобой теперь. хочу чтобы мы были полностью откровенны, не хочу иметь секретов от тебя, принципиально просто, отвечать на вопросы. люблю такое

чувствую себя великолепно. немного подпортили крики, но мне хорошо. потихоньку пишу что хотел, в апатии не впадаю, все получается. только заняться собой, и все будет еще лучше. может написал тут чего лишнего, но уверен что жалеть не буду. эфкалипт влияет 

жду ответного письма, киса",Grinch,23 мая 2026 г.,🌿,1,false,"[{""id"":1779482778107,""date"":""23:46"",""text"":""киса не звучит"",""author"":""Cindy""}]",2026-05-22 19:19:19.525129+00,"[""Cindy""]"
da0f92a8-beba-4d2d-8d94-dc7c15f8c8f4,Что у вас здесь происходит б...,"ЯЯ встала в 4 часа (по твоемуу), пролежала на кровати до 5 в тик токе, потом подумала, что надо что-то делать((

Весь оставшийся день убиралась в комнате, шкафы разобрала, подоконник убрала, плед постирала, пылесооос, половину одежды убрала из шкафа

Потом доделала французский, перевод, ОЙ НАДО ПЛЕД ДОСТАТЬ ИЗ СТИРАЛКИ, ДОСТИРАЛСЯ

был гром, дождь, молния сверкает, темнотаа в квартире, только в моей комнате свет был

я отказываюсь от сладкого, вся неделя, только в вс можно((

3 дня назад, сегодня дописала что-то...

""Она придет во сне, останется отражением в окне, стекле, луже с бензином
Картинка в голове, воспоминания все те, что создались в единый образ
И каждый раз дополнишь: цвет глаз, волос, тон смеха иль угроз, тон выше ниже... плачет в себя или наружу..
Эмоций много, прокручиваешь все одну, что нравится побольше...
Ну, может, это состояние, не прихоть, просто так хочется, не страшно
Но она не отпускает, как бы ты не хотел
Ведь даже натертый дочиста предмет, Тебе покажет её силуэт
Выдумка мозга, не более...
Боязно, наверное, не знать границы, перейти его черту.. 
сойти с ума...""

ChatGPT:
Стих описывает состояние, когда реальный человек ушел или его никогда не было рядом в таком качестве, но его «тень» поселилась в голове. Он повсюду: в снах, в случайных отражениях и даже в «луже с бензином» (очень сильный образ — бензин дает радужные, искаженные разводы, что подчеркивает нереальность, болезненность этого видения)

Tu me manques ¿",Cindy,17 мая 2026 г.,🧸,2,false,"[{""id"":1779205601395,""date"":""20:46"",""text"":""я тоже скучаю иностранка)) "",""author"":""Grinch""}]",2026-05-17 20:41:02.80463+00,"[""Grinch"",""Cindy""]"
e585ed66-e6f4-49a8-bef3-5279905bddb4,"Внутри вольера ","Будь моей музой, сукой, женой, читай мне в постели Канта.
Пока я сжимаю твои бедра с изяществом грубого коменданта.

Мы как гибрид Ларса фон Триера и грязного порно-притона. Где ты эстетика кадра, а я негативная деградация отягчающего тона.

Твои изящные руки прижаты к стене, ты глотаешь воздух от боли.
В этой душной комнате больше нет правил, приличий и силы воли.

Я вбиваюсь в тебя до упора, ломая твою утонченную позу, Превращая твой Кафкианский загон в первобытную, дикую прозу.

Этот полдень впитан сублимацией, экстазом и книжной латынью,
Мои пальцы сжимают запястья твои, отдающие горькой полынью.

Мой елей стекает к ступням, нарушая законы святого балета, Ты лежишь как распятый набросок безумного злого поэта.

Я сжимаю ладонь твою, чувствуя хрупкость фарфоровых мелких костей, Это высший гибрид декаданса мазок на холсте первобытных страстей.

Мои губы скользят по фалангам, где вязкие капли застыли, как ртуть, Превращая твою безупречную кисть в сумасшедший, пронзительный путь.

Я спускаюсь губами к ладоням твоим, замирая в немом преклонении, Словно нищий язычник, нашедший алтарь в разрушительном ослеплении.

Я целую твои тонкие пальцы, в них строгость античных пропорций,
Где фаланги сплетаются в жест, что святее библейских консорций. 

Твоя узкая талия ось, где теории Ницше все ближе, Я сжимаю ее до кровоподтеков, спускаясь сознанием ниже.

Мои губы целуют безумный подъем твоих выгнутых, тонких ступней,
Где сквозь кожу сквозят синевой лабиринты подкожных ремней.

Твои тонкие кисти беспомощно тонут в моих огрубевших ладонях,
Этот кадр как Годар, заплутавший в тяжелых животных погонях.

Твои слезы текут по вискам, застывая в ложбинах у ушка,
Словно чистый хрусталь, что разбила в борделе шлюховатая тушка.

Это плач Беатриче, погрязшей в плену у безумного, грубого черта.
Где изысканный почерк судьбы превращается в месиво третьего сорта.

Твои ребра, как тонкие прутья облезлой, разрушенной клетки,
Где зажато безумное сердце моей интеллектуальной кокетки )

Я ласкаю безумный изгиб твоей кисти горячим и влажным приемом, Пока капли слюны и стыда тяжелеют над нашим разрушенным домом.

Ты перебираешь мне пряди, как струны, с улыбкой Мадонны из гетто, Где животный инстинкт укрощен эстетическим глянцем рассвета.

Я трусь о горячую кожу колен твоих, чувствуя запах полыни и пота,
Для меня эта мягкая клетка теперь наивысшая в мире свобода.

Мой Кафкианский загон развернулся изнанкой, я предан и нем. Превращаясь в живой аксессуар твоих сложных, тактильных поэм.

Я беззвучно прошу твоих рук, как пощады, как высшего знака прощенья, Утыкаясь в изгибы колен ради теплого, мещанского ощущения.

Я ловлю твои тонкие кисти губами, впиваясь в ладонные линии, Словно нищий, нашедший в грязи лепестки увядающей лилии.

Я лижу твои теплые, влажные пальцы с покорностью верной дворняги, Смывая следы исступления, похоти и поэтической влаги.

Ты ухмыляешься сверху, изящно, надменно, с нафталиновым носиком, Позволяя мне быть твоим личным, послушным и самым преданным песиком.

Мы заходим на новый виток этой злой, экзистенциальной спирали, Где позиции слуг и господ окончательно из пепла восстали.

Я ломаю твой ласковый канон, твой надменный, кураторский трон,
И в наш душный вольер возвращается жесткий, порнографический тон.

Я ласкаю тебя на изломе, на стыке садизма и высшей заботы, Так, что в горле твоем застревают удушливой хрипоты ноты.

Ты скулишь под рукой, потеряв ориентацию в спальне, в пространстве, во времени,
Увязая в моем деструктивном, тяжелом, безжалостном племени.

Ты умоляешь сквозь слезы, сквозь пот, сквозь разрушенный стоном вокал, Чтобы я прекратил этот жесткий, безумный, больной карнавал.

Но колено мое раздвигает твои непослушные, ватные бедра,
Пока в окнах рассвет полыхает холодный, циничный и бодрый.

Я сжимаю бедра твои, оставляя багровые ленты следов, Этот кадр как Триер, уставший от умных, напыщенных слов.

Твои ножки отказали, они онемели, повисли плетьми, Между нашими до боли сближенными, влажными телами-детьми.

Эта мокрая, липкая нега на коже как подпись внизу полотна.
Где цензура разбита внахлест, и концепция выпита дочиста.

Давай снимем этот надменный, кураторский глянец с концепции тела ??

Посмотрим на то, где эстетика формы коснулась земного предела.

Твой Кантианский загон и античная строгость утонченных пропорций..

Спустились к ступням, что святее и чище библейских торций.

Старлетка, отбросим Тарантино и скучный, заезженный глянец.

Давай перепишем наш тактильный, безумный и зловещий танец.

Я правда, сошел с ума от твоей геометрии что ниже колена..

Твои ступни для меня моя персональная сладкая форма плена..

Ты серьезно, мой милый анархист ? Опять эти метафоры Бродского ?

Или в твоем сценарии появилось что-то из кадра сугубо плотского ?

Ты смотришь вниз так, словно там скрыт манифест сюрреализма..

Или новая догма твоего тотального, мрачного нигилизма ?

Какая эксцентрика.. Значит, утонченный критик сдался базовой анатомии ? И теперь ищет сакральный оргазм в уязвимой, девичьей автономии ?? ))

Твоя нижняя точка, Полумна, преддверие метафизической бездны. Мои тайные мысли о стопах твоих как стихи, что чертовски полезны.

Я хочу осязать этот глянец подошв, этот хрупкий аналоговый стык.. Где ломается разум и в диком восторге немеет мой влажный язык.

- Оййй, котииик! Ну зайкааа, ну ты загнул, я прямо не могу-у-у! )))

Какие-то пульты, синдромы.. Я половину слов вообще не пойму !!

Это типа модно сейчас, в инсте все девчонки пищат от такого дизайна

А ты тут развел философию, котик, как будто открылась великая тайна ))

Ну ладноооо , не бойся , я приму тебя любым, буду рядом если завертит тьма ))
Помогу тебе выйти из этого душного , злого ума !!
Хотя, если честно, Котик, вся эта драма, какой-то придуманный бред.. И тут в моих сонных мыслях окончательно гаснет свет..

Да блин, коть, короче! Все это чушь и дурацкий замес! Тебе просто нравятся ножки.. Ну признайся , ну просто пиздец !!

Мои пальчики, ладони, ступни - весь этот твой фетиш и бред,
А ты приплел сюда Канта и Ницше, чтоб красивый оставить след ?

Блин, ну ладно носочки там всякие, чулочки, ну фотки скинуть - это я еще пойму. В инсте все так делают, ладно, окей, я подыграю твоему уму. Но тут-то.. Твою мать, коть, ты реально накатал этот дикий манифест ?! У меня аж челюсть упала, пока я дочитала весь этот безумный текст !

Ты вообще в адеквате ? Что за хрень про фарфоровые кости и садизм ?? Это у тебя так любовь проявляется или это тотальный дебилизм ?? Я просто сижу в шоке, блядь, у меня в голове не укладывается никак.. Ты реально предпочел мои лодыжки и ступни нормальному сексу ?? Мудак..

Типа, просто качественный, здоровый трах - это для тебя слишком просто? Тебе обязательно нужно развести философию библейского роста? Вместо того чтобы нормально меня обнять, раздеть и любить как живую,
Ты сидишь и нализываешь мои ладони сквозь метафору шлюховатую и дурную ?!?

Я офигеваю, честно ! Ницше, Кафка, Годар... Какой, нахрен, балет?!
Ты зациклился на геометрии ног, а меня самой в твоем сценарии нет !

Блин, коть... Я сейчас сижу, и у меня реально трясутся ладони.
Что это за хрень ? Какая Беатриче ? Какие животные, нахрен, погони?!
Я думала, ну носочки там, эстетика, инстаграмный прикольный дизайн,
А ты тут развел какую-то жуть, словно вскрылся маньяческий тайн !!

Мне реально стремно. Ты пишешь про кости, подвалы, удушье и кровь. Ты вообще адекватный ? Это вот так в твоей башке выглядит наша любовь ?!
Вместо того чтобы просто приехать, устроить нам классную, жаркую ночь, Ты сидишь и смакуешь мой плач в темноте, прогоняя нормальность прочь..

Ты предпочел мои выгнутых две лодыжки здоровому, чистому сексу ?? Я офигеваю, честно, твой мозг подключен к какому-то странному рефлексу. Ты превратил мое тело в полотна Триера, в какой-то садистский балет,
А меня саму, как девчонку живую, стер из сценария, выключил свет...

Что, котик, заумные книжки сыграли с сознанием в прятки? ))
Начитался Ницше, залез в мой канал, посмотрел на чулки и носочки, И все, потекла у поэта слюна, дошел до критической точки ??

Ты реально решил, что твоя метафизика круче, чем качественный секс? Пока ты там лижешь ладони в стихах, у тебя наступает рефлекс ?? Боже, коть, это так смешно !! Утонченный наш критик сдался девичьим ногам,
И готов как дворняжка молиться моим аккуратным, и прекрасным стопам...

Оййй, зайкааа, ну ты реальнооо у меня какой-то садо-мазо-поэт! )))
Накатал тут про подвалы и удушье, а на деле - мужского характера нет?
Хотел вбиваться до упора, ломая мою утонченную позу, А в итоге сам же уткнулся в коленки и развел мнимо утонченную прозу ))

Ты хотел быть хозяином ? Жестким, брутальным таким комендантом ?
А на деле застрял под кураторским троном со своим угасающим Кантом! Слушай, преданный песик, раз так - поскули под моей надменной рукой, Но реального секса под этот твой бред ты не дождешься , Больной..

Я сошел с ума от твоей геометрии ниже колена - пиздец, вот это признание !! То есть на большее у великого нигилиста просто не хватило фантазии и внимания ??

Раз тебе так нравится амплуа дворняжки - сиди в углу и тихонько скули. Реального, качественного секса ты сегодня явно не заслужил , уж извини ))

Так что брысь на коврик, котенок, Выполни свой ночной рефлекс ))
Иди подрочи на носочки, раз они для тебя круче, чем секс !! )

И тут, я стираю улыбку с губ, Вспышка текста. Экран погас.
Я придумал твой смех, твой испуг и весь этот глупый унизительно ласковый сказ. Ты не скажешь зайка, не скажешь котенок, не снимешь с меня мой кураторский трон.

 Я один в тишине, мне противно и стыдно, И в вольер возвращается порнографический тон.",Grinch,25 мая 2026 г.,🌿,1,false,"[{""id"":1779732960992,""date"":""21:16"",""text"":""ммм"",""author"":""Cindy""},{""id"":1779760396297,""date"":""06:53"",""text"":""Меня щас приняли или нееееет чтооо Хммммм оом....м.М.м"",""author"":""Grinch""},{""id"":1779781310250,""date"":""10:41"",""text"":""Мне реально стремно. Ты пишешь про кости, подвалы, удушье и кровь. Ты вообще адекватный ? Это вот так в твоей башке выглядит наша любовь ?!"",""author"":""Cindy""},{""id"":1779781332811,""date"":""10:42"",""text"":""это нет"",""author"":""Cindy""},{""id"":1779781358409,""date"":""10:42"",""text"":""то да"",""author"":""Cindy""},{""id"":1779781600318,""date"":""12:46"",""text"":""это было нарошное усиление, я не писал про подвалы и твое удушье "",""author"":""Grinch""},{""id"":1779781652124,""date"":""10:47"",""text"":""подумал же"",""author"":""Cindy""},{""id"":1779786068682,""date"":""14:01"",""text"":""ладненько перед тем как уйду напишууу ну в целом мне не нравилась сама неопредленность твоего ответа даже если бы ты отказала жестко было бы лучше чем мое незнание что ты обо мне теперт думаешь. а так будто я особо и не волуюсь по поводу твоиз мыслей и не комплексую все нормик"",""author"":""Grinch""},{""id"":1779786248370,""date"":""14:04"",""text"":""ну также добавлю пока смелый хаа ну такое было очень приятно писать, меня не отпускало часа три и это самое долгое и родное что у меня получалось. в целом странно что я терпеть не могу похоть но несознательно все равно даже в стихе пытаюсь создать строки за которые ты зацепишься и поговоришь со мной чтобы получить это состояния. или утром сегодня я практически плакал от эмоций и избытка любви к тебе пока просто не расслабился ллоол а после весь стресс исчез все состояние что описывал. не щадит меня это и если я слишком нежен и любезен ну значит дааа бедаа"",""author"":""Grinch""},{""id"":1779786339778,""date"":""14:05"",""text"":""но и скажуу похуй знаешь как бы мне не было приятно какое бы это не было чувства и вот будто у меня такая возможность просить тебя ты еще такая красотка я не буду и против мне плевать я мужчина нет я могу справиться с своими желаниями и чтобы что-то получить надо это заслужить поступками и будто она сама поймет когда ты молодец а когда нихуя не делаешь"",""author"":""Grinch""},{""id"":1779786450378,""date"":""14:07"",""text"":""так что какой бы хорошей у меня возможности щас не было я не буду ей пользоваться и вымаливать что то ради минутыныз удовольствий блятьь пока помню что у теюя есть проблеиы и их нужно решать а не заниматься самолюбованием реально мерзко с мысли вообще какой нахуй секс когда у твоей девочки есть мечты и проблеиы я реально все заряяяжееенн приду вечером буду 8 часов проекты делать без остановкиии искупаюст тоьько"",""author"":""Grinch""},{""id"":1779786600811,""date"":""14:10"",""text"":""не обшайся со мной на эти темы пожалуйста и ножки не кидай и ручки и себя блять ты невероятно красивая и я опять сорвусь в это любовное состояние где истекаю по тебе и твоему телу не хочу я хочу развиваться и помогать тебе а не бялть это все обойдусь правла кгогда действильно заслужу чего то тоогда может быть но сейчас 1000проц нет все я пошел спасибо за понимание сердечко серлечкро смайлика нет "",""author"":""Grinch""},{""id"":1779825812320,""date"":""23:03"",""text"":""Тебе кажется тебе кажетсяя, все иллюзия. Ниче не кидаю, все. Я ИИшка , меня не существует в реальной жизни"",""author"":""Cindy""}]",2026-05-25 16:47:06.535415+00,"[""Cindy""]"
e9cb21d2-7181-415a-9478-6a7d7b3bee02,О чем ты думаешь?..,"Ну.. с утра правда что-то не то, встала странно, болело горло, даже организм сказал, что утро не задалось. Не помню, как уснула, телефон за ночь разрядился и наушники тоже, но помоему я не поставила себе музыку для сна, спала под что-то непонятное. У меня два дня подряд ощущение утром, что мне что-то снилось, но я совсем не могу вспомнить, абсолютно ничего, но оно есть.

Я очень хочу просто посидеть, полежать и помечтать, как же я это любила раньше, ложилась перед сноом и думалаа, фантазировала круто дааа. Сейчас нет, ухожу спать и засыпаю минут за 10, а раньше у меня была дикая проблема со сном, правда. Я могла лежать час - два и не помогало ничего.

Ну две пары французского, мне понравилось впринципе, кроме моего чтения, расстроило( Нужно больше читать на французском, да и вообще. Правда, резкое желание появилось, думаю, как начну оно уйдет сразу, но ладно, после сессии посмотрим.

Ты ушел спать, я подрезала челку, не горшок!!! Но кстати, надо было еще короче резать, не знаю. Потом ладно и так пойдет, ничего не изменилось. Желудок еще заболел че то резко, пока резала. Не надо мне говорить, что есть надо, я ем!!

Да в принципе весь день в плавающем настроении, не знаю, то забавно, то нейтрально, то вообще грустно без причины. Ну когда с тобой общалась, пока ехала домой не грустилааа, мне так нравится твой голос. Сниму тренд, как в тик токе. ""не знаю в чем секрет счастья, но когда я общалась с тобой я точно не плакала"" не видел видел нет.

Вот да, хочу сейчас выучить один или два текста по французскому и лягу, думаю до 11 уложусь, хочу правда просто полежать под музыку и помечтать, ода, что за загадочная девочка

У нее экзамены она тут блять лежит мммм

Завтра первую половину дня историю делаю, потом французский!!!
Родители не уехали, как будто не поедут вообще, в следующие выходные точно уедут, там день рождение у сестры

12.06 2026  время: 00:20

24 день!! Я горжусь тобой за все, что ты делаешь, не делаешь, неважно, и верю в тебя всегда, все будет хорошо
Мы верим, люблю тебя",Cindy,11 июня 2026 г. в 22:20:29,🧸,1,false,"[{""id"":1781228339032,""date"":""06:38:58"",""text"":""Как научиться писать также красиво, Поль?"",""author"":""Grinch""},{""id"":1781228415374,""date"":""06:40:15"",""text"":""Сны не помнишь ведь устаешь. Целый день на ножках + Умственная активность в универе, Какая бы она не была! Правда переутомляешься ("",""author"":""Grinch""},{""id"":1781228528106,""date"":""06:42:08"",""text"":""Насчет помечтать, Я очень тебя понимаю) Чувство и правда очень приятное.. Нам с тобой нужно научиться распределять время на такие вещи, А то одна работа и учеба.."",""author"":""Grinch""},{""id"":1781228643455,""date"":""06:44:03"",""text"":""По поводу твоего желания к французскому, Я очень рад) Мне правда кажется что ты не ошиблась с направлением, И это твое, Тебе очень подходит этот красивый язык"",""author"":""Grinch""},{""id"":1781228762255,""date"":""06:46:02"",""text"":""Челку покажешь?? Я себя никогда не стриг, И вообще не понимаю как такое возможно.. По моим познаниям, Волосы растут очень разнообразно, И без базового опыта что именно укоротить понять тяжело "",""author"":""Grinch""},{""id"":1781228866978,""date"":""06:47:46"",""text"":""Про голос очень приятно слышать, Большое спасибо.. Я очень рад что я тебе нравлюсь, И устраиваю во всем. Для меня это очень важно "",""author"":""Grinch""},{""id"":1781229706409,""date"":""07:01:46"",""text"":""Спасибо за такие теплые слова, Полиночка) Новое чувство для себя открыл, Просыпаться ранним утром и начинать утро с твоих записей тут.. Счастливым себя чувствую, И день проходит очень положительно "",""author"":""Grinch""},{""id"":1781229815518,""date"":""07:03:35"",""text"":""И я очень горжусь тобой, И люблю, Моя девочка"",""author"":""Grinch""},{""id"":1781239664126,""date"":""07:47:44"",""text"":""Та ничего не изменилось же, как и было хахахах"",""author"":""Cindy"",""replyTo"":{""id"":1781228762255,""text"":""Челку покажешь?? Я себя никогда не стриг, И вообще не понимаю как такое возможно.. По моим…"",""author"":""Grinch""}}]",2026-06-11 19:20:24.71492+00,"[""Grinch""]"
ec3613f1-7cea-43e2-8ea7-b73b0fc13876,"Какие же красивые сегодня небеса ","2:03 Хочу поделиться , Просто утром скопирую и вставлю , Не вчитываясь. Мои эмоции ночью тоже эмоции , Такие же настоящие как и утром.

Решение принял , И уже легкая апатия. Очень хочу сорваться , В голове крутиться такой перечень роликов. Также понял , Что я не испытываю стыда как такового , Под тем чувством его его воспринимают , Я устал от него и перестал его чувствовать. Мне ни стыдно ни за свои унизительные роли в фантазиях , Ни за свое поведение в каких то ситуациях. Просто зачем то убеждаю себя в том что ну стыдно наверное такое кидать , И хочется соответствовать рамкам. Ну вот , Больше не хочется. 

Тяжело состояние , Ментально голова болит , И мысли крутиться лишь вокруг удовлетворения. Знаешь ничего тяжелого нет на самом деле , Просто это борьба с чем-то невидимым. Сам не понимаешь зачем делаешь почему делаешь бой с тенью , И психологически давит , Меня даже киса моя на той квартире хвостиком когда двигает или лапкой меня трогает заводить начинает , Настолько сильно мозг выпрашивает. Если что , Это просто мило и приятно , Меня не заводят животные , На всякий

Ну вот так , Неприятно , Первый день а уже размышляю о том как было бы классно сейчас заняться этим , Но не буду , Просто потому что так , Без причин , Не буду и все. И заметил что именно голосовые сообщения доводят меня до апатии , Длинные когда записываю , Самому себе.

Захожу в хром выхожу захожу выхожу Лол клянусь мне иногда кажется что единственный шанс это запереть меня без интернета связать забрать телефон да что угодно лишить глаз рук члена сути не меняет никакой меня просто это так раздражает правда может через стыд действовать тотальный чтобы сам начинал понимать как это странно знаешь я помню имя абсолютно каждой порно модели из той тематики что смотрю абсолютно каждой а их ну девочек 120 может насчитается по имени и фамилии все настолько плохо знаешь Полин я больной человек это очень серьезно на самом деле и для меня это важнее любой травы любой наркозависимости и хуже греха чем похоть ч не знаю я просто не знаю как я с тобою буду ну ближайшие дни  ну во первых у меня не будет работать голова нормально ну постоянно будду крутить мысли+ нежность нарастающая бесконечные комплименты не знаю просто надоедает со стороны это когда тебя склоняют постоянно мне бы надоело если бы я не испытывал постоянно желания да наверное стоит сублимировать куда то но не знаю рил мне кажется что если лишусь привычки то все будет хорошо в жизни сразу ведь больше минусов у меня нет кроме такой глупой хуйни 

не знаю кис я ничего не знаю или все знаю но не хочу слышать сейчас свои же мысли хочу посмотреть расслабиться почувствовать тепло умыться укрыться одеялом включить сплит и сладко спать уже не думая об этом все я закончу писать смысла нет разгонять 

Все я спать 2 11
P.s Хахаь Мозг отчаянно щас говорит ОЙ А РАССКАЖИ ЕЙ ЧТО ТАК ХОТЕЛ ВОТ ПРИКОЛЬНО БУДКТ и даже тут пытается вывести меня на диалог - возбуждение - срыв , Я не знаю мне смешно уже с этой рефлексией , Говорю же , Все вокруг актеры ебанные даже я сам , Будто я за собой со стороны наблюдаю , Сижу как бездомный выпрашиваю внимание малейшего возбуждения ой потешьте мое эго ой и сам об этом говорю сам понимаю , Бред какой , Будет апатия значит будет апатия буду лежать без сил 1-10-100 дней но играть по правилам инстинктов как собака от желания до желания я ге хочу мне противно все",Grinch,11 июня 2026 г. в 06:45:08,🥧,1,false,"[{""id"":1781152458181,""date"":""07:34:18"",""text"":""(((все переживём, ничего"",""author"":""Cindy""}]",2026-06-11 01:45:09.027132+00,"[""Cindy""]"
f1a6e00f-66ee-4ad3-8feb-a311ed2e2c63,"Ой ой ой, Персик может обратно?","Мм ну, че то и не знаю, что писать. В телеграмме я пишу в течение дня, и как то повторять тут уже кажется странным, как будто память тренирую... от деменции.

Медитируй, Карим, занимайся, нужно, согласна. 

Ну... насчет этого, ну не знаю нет, я не ощущаю никакой проблемы, у других не спрашивала че тоо. 
Ладнооо, если тебе интересно, прям бывает что целую неделю - две, каждый день,  потом вообще несколько недель не хочется. периодами да
Ну воздерживаться полностью так то реально хуевая идея) странно, что ты сразу это не понял

Извини, я в кактус наряжаться не буду и в антилопу тоже.

Честно, не понимаю, о каких рамках ты говоришь. Передружба это буквально отношения, но не обусловленные, не официальные. Некоторые дружат так, потому что это удобно, так как вы не вместе официально, и претензий из-за чего то быть по сути не должно к друг другу, очень хорошая отговоркаа)) ну или нет возможности какой то из-за расстояния тоже да. Насчет рамок опять, не знаю, почему они должны появиться? И что может измениться, кроме вашего ""статуса"" взаимоотношений , если мы говорим, например, о сильной передружбе. По сути ничего не должно, если так было комфортно, человек тот же самый.

Ладно, глаза болят че то, щас напишу планчик на завтра и спать может пойду, или нееет. 

Все хорошо, кот
Сам соси :*",Cindy,22 мая 2026 г.,🌸,2,false,[],2026-05-22 20:45:26.471116+00,"[""Grinch"",""Cindy""]"
f5180752-bdb5-4e03-b82b-c07cc03e1664,"Высасываем кровь. Я вампир, какая тв.... ","Вчера проснулась по будильнику, но подумала, а почему я не могу дать себе поспать ещёее, поэтому дальше продолжила лежать.
(мне прямо щас кровь  будут высасывать 12:56 по твоим, все закончила)
Так вот, сегодня также, ну сегодня выходноой, так что да, но кстати АХХААХА
Сегодня Я проснулась в 9 да, легла обратно, расстроилась, что опять ничего не проэиснилось
А потом слвшу бж бж бж В 11, беру телефон ты пишешь. Я сначала подумала продолжить спать, а потом решила встать короче, ну и плюс мне же ещё на кровь, вот встала.
ОДА Я ЩАС НА АВТОБУС УСПЕЛА ХАХХАХАХАХА, ПОВЕЗЛО 

В общем, опять про истории)) я сегодня буду билеты смотреть проверять переписывать, и мне нужно начать смотреть видео, мне надо про всех правителей посмотреть и наверное позаписывать в тетрадь основное, чтобы запоминалось, вот и надеяться на удачууу, я не хочу, чтобы мне попалось что то про СССР, если честно. 

Я все еду в стоматологию щас, думаю по дороге буду как раз досматривать щас Рюриков(Я уже половины не помню, Владимир красное солнышко, Владимир Мономах, заебали. Зачем столько нарожали блин) 

Ещё фразовые учить надо, тестик на времена я поделала с чатом гпт, впринципе я почему то не сильно волнуюсь за англ)) 

В общем все, я пошла учиться в дороге)) не покушала если что, первый раз буду есть только когда вернусь домой, часов в 5(по твоему) 

А ещё, про твоё время, ну у меня не то, что я медленно делаю, а что делаю мало и плохо. В плане я сделала что то да, а как будто результат от этого не какого, будто просто сделала для галочки, типо я не бездельничала((

И ещё про лето, я ну надеюсь на то, что буду удалять зубы да и все такое там делать по здоровью, потому что я все запланировала на это лето)) ну и вот я по сути месяц 1 в совокупности уже выкидываю, так как буду сидеть дома в эти моменты, реабилитация)
Но не расстраиваюсь, потому что у меня дома тоже планы есть, что я хочу сделать. Вот тааак, ну и гулять тоже буду все равно",Cindy,7 июня 2026 г. в 11:03:49,🥧,1,false,"[{""id"":1780830193960,""date"":""16:03:13"",""text"":""А какие планы на летоо"",""author"":""Grinch""},{""id"":1780830341268,""date"":""14:05:41"",""text"":""2 июля напишу"",""author"":""Cindy""}]",2026-06-07 08:03:50.227803+00,"[""Grinch""]"
f8d9d5e3-9087-4fdf-9d8c-11afc263a0d0,"Дорогой наш Карим, нас конечно переполняет горе....ХА","Встала сегодня как обычно, глаза болели и я подумала, что хочу спать!! Но это был обман, вот так.
Пролежала пол часа в кровати, потом все таки пошла собираться на учебу тутуту

Меня тоже комары покусали, еще и летает иногда один над ухом😔😔😔

Сегодня ничего интересного не было вообще, но настроение ниче так было с утра, щас просто нормальноо. Филя сидит и смотрит в окошко

Крыс покормила, Тёма чуть палец не откусил🙄
Рэми спокойно берет. Они очень разные по характеру, и я, кстати, не уверена, что братья, хотч должны

Тёма(черный) в первый же день всех и всё боялся, очень долго не выходил из клетки, а Рэми, наоборот, даже сам к рукам шел и гулять выходил. 

А еще Тёма меньше по размерам, всегда был, мелкий такой. Его приходилось прям приручать долго, сначала клетку ставила рядом с собой с открытой дверью, и приучался он сначала не к рукам моим, а ногам🙄🙄🙄
Потом кормила его с руки, ну и может за месяц стало более менеееее. Он очень часто болеет еще, постоянно. У Рэми иммунитет посильнее.

Пока ехала домой учила слова по французскому, после часа уже спать захотелось. Щас буду карты рисовааать, табличку дописала. Жду пока мама приготовит кушаать😛 

А ты все спишь🙄

Я думаю часто о том, что хочу прочитать/ дочитать книжкуууу, но в будни я этого делать не хочуу, а выходной у меня только один, че такое тоооо",Cindy,25 мая 2026 г.,🌿,1,false,"[{""id"":1779726924955,""date"":""21:35"",""text"":""никогда не думал,что буду улыбаться читая про крыс..)"",""author"":""Grinch""}]",2026-05-25 15:19:17.858286+00,"[""Grinch""]"